"top_category","top_slug","subcategory","subcategory_slug","final_category","final_category_slug","collection_title","collection_handle","collection_url","browse_page_handle","browse_page_url","is_flat_category"
"AI Tools","ai-tools","Accessibility AI","accessibility-ai","Other","other","Accessibility AI - Other","accessibility-ai-other","/collections/accessibility-ai-other","ai-tools","/pages/ai-tools","False"
"AI Tools","ai-tools","Accessibility AI","accessibility-ai","Real-Time Captioning AI","real-time-captioning-ai","Real-Time Captioning AI","real-time-captioning-ai","/collections/real-time-captioning-ai","ai-tools","/pages/ai-tools","False"
"AI Tools","ai-tools","Accessibility AI","accessibility-ai","Sign Language Recognition AI","sign-language-recognition-ai","Sign Language Recognition AI","sign-language-recognition-ai","/collections/sign-language-recognition-ai","ai-tools","/pages/ai-tools","False"
"AI Tools","ai-tools","Accessibility AI","accessibility-ai","Speech-to-Text AI","speech-to-text-ai","Speech-to-Text AI","speech-to-text-ai","/collections/speech-to-text-ai","ai-tools","/pages/ai-tools","False"
"AI Tools","ai-tools","Accessibility AI","accessibility-ai","Text-to-Speech AI","text-to-speech-ai","Text-to-Speech AI","text-to-speech-ai","/collections/text-to-speech-ai","ai-tools","/pages/ai-tools","False"
"AI Tools","ai-tools","Accessibility AI","accessibility-ai","Visual Assistance AI","visual-assistance-ai","Visual Assistance AI","visual-assistance-ai","/collections/visual-assistance-ai","ai-tools","/pages/ai-tools","False"
"AI Tools","ai-tools","Advertising AI","advertising-ai","Ad Copy Generation AI","ad-copy-generation-ai","Ad Copy Generation AI","ad-copy-generation-ai","/collections/ad-copy-generation-ai","ai-tools","/pages/ai-tools","False"
"AI Tools","ai-tools","Advertising AI","advertising-ai","Ad Creative Optimization AI","ad-creative-optimization-ai","Ad Creative Optimization AI","ad-creative-optimization-ai","/collections/ad-creative-optimization-ai","ai-tools","/pages/ai-tools","False"
"AI Tools","ai-tools","Advertising AI","advertising-ai","Ad Performance Analytics AI","ad-performance-analytics-ai","Ad Performance Analytics AI","ad-performance-analytics-ai","/collections/ad-performance-analytics-ai","ai-tools","/pages/ai-tools","False"
"AI Tools","ai-tools","Advertising AI","advertising-ai","Audience Targeting AI","audience-targeting-ai","Audience Targeting AI","audience-targeting-ai","/collections/audience-targeting-ai","ai-tools","/pages/ai-tools","False"
"AI Tools","ai-tools","Advertising AI","advertising-ai","Other","other","Advertising AI - Other","advertising-ai-other","/collections/advertising-ai-other","ai-tools","/pages/ai-tools","False"
"AI Tools","ai-tools","Advertising AI","advertising-ai","Programmatic Advertising AI","programmatic-advertising-ai","Programmatic Advertising AI","programmatic-advertising-ai","/collections/programmatic-advertising-ai","ai-tools","/pages/ai-tools","False"
"AI Tools","ai-tools","Agriculture AI","agriculture-ai","Agri-Robotics AI","agri-robotics-ai","Agri-Robotics AI","agri-robotics-ai","/collections/agri-robotics-ai","ai-tools","/pages/ai-tools","False"
"AI Tools","ai-tools","Agriculture AI","agriculture-ai","Crop Monitoring AI","crop-monitoring-ai","Crop Monitoring AI","crop-monitoring-ai","/collections/crop-monitoring-ai","ai-tools","/pages/ai-tools","False"
"AI Tools","ai-tools","Agriculture AI","agriculture-ai","Other","other","Agriculture AI - Other","agriculture-ai-other","/collections/agriculture-ai-other","ai-tools","/pages/ai-tools","False"
"AI Tools","ai-tools","Agriculture AI","agriculture-ai","Precision Farming AI","precision-farming-ai","Precision Farming AI","precision-farming-ai","/collections/precision-farming-ai","ai-tools","/pages/ai-tools","False"
"AI Tools","ai-tools","Agriculture AI","agriculture-ai","Soil Analysis AI","soil-analysis-ai","Soil Analysis AI","soil-analysis-ai","/collections/soil-analysis-ai","ai-tools","/pages/ai-tools","False"
"AI Tools","ai-tools","Agriculture AI","agriculture-ai","Yield Prediction AI","yield-prediction-ai","Yield Prediction AI","yield-prediction-ai","/collections/yield-prediction-ai","ai-tools","/pages/ai-tools","False"
"AI Tools","ai-tools","Assistant AI","assistant-ai","Email Assistant AI","email-assistant-ai","Email Assistant AI","email-assistant-ai","/collections/email-assistant-ai","ai-tools","/pages/ai-tools","False"
"AI Tools","ai-tools","Assistant AI","assistant-ai","Enterprise AI Assistants","enterprise-ai-assistants","Enterprise AI Assistants","enterprise-ai-assistants","/collections/enterprise-ai-assistants","ai-tools","/pages/ai-tools","False"
"AI Tools","ai-tools","Assistant AI","assistant-ai","Meeting Assistant AI","meeting-assistant-ai","Meeting Assistant AI","meeting-assistant-ai","/collections/meeting-assistant-ai","ai-tools","/pages/ai-tools","False"
"AI Tools","ai-tools","Assistant AI","assistant-ai","Other","other","Assistant AI - Other","assistant-ai-other","/collections/assistant-ai-other","ai-tools","/pages/ai-tools","False"
"AI Tools","ai-tools","Assistant AI","assistant-ai","Personal AI Assistants","personal-ai-assistants","Personal AI Assistants","personal-ai-assistants","/collections/personal-ai-assistants","ai-tools","/pages/ai-tools","False"
"AI Tools","ai-tools","Assistant AI","assistant-ai","Task Automation AI","task-automation-ai","Task Automation AI","task-automation-ai","/collections/task-automation-ai","ai-tools","/pages/ai-tools","False"
"AI Tools","ai-tools","Audio AI","audio-ai","Audio Transcription AI","audio-transcription-ai","Audio Transcription AI","audio-transcription-ai","/collections/audio-transcription-ai","ai-tools","/pages/ai-tools","False"
"AI Tools","ai-tools","Audio AI","audio-ai","Music Generation AI","music-generation-ai","Music Generation AI","music-generation-ai","/collections/music-generation-ai","ai-tools","/pages/ai-tools","False"
"AI Tools","ai-tools","Audio AI","audio-ai","Other","other","Audio AI - Other","audio-ai-other","/collections/audio-ai-other","ai-tools","/pages/ai-tools","False"
"AI Tools","ai-tools","Audio AI","audio-ai","Podcast Editing AI","podcast-editing-ai","Podcast Editing AI","podcast-editing-ai","/collections/podcast-editing-ai","ai-tools","/pages/ai-tools","False"
"AI Tools","ai-tools","Audio AI","audio-ai","Speech Enhancement AI","speech-enhancement-ai","Speech Enhancement AI","speech-enhancement-ai","/collections/speech-enhancement-ai","ai-tools","/pages/ai-tools","False"
"AI Tools","ai-tools","Audio AI","audio-ai","Voice Cloning AI","voice-cloning-ai","Voice Cloning AI","voice-cloning-ai","/collections/voice-cloning-ai","ai-tools","/pages/ai-tools","False"
"AI Tools","ai-tools","Augmented Reality AI","augmented-reality-ai","AR Commerce AI","ar-commerce-ai","AR Commerce AI","ar-commerce-ai","/collections/ar-commerce-ai","ai-tools","/pages/ai-tools","False"
"AI Tools","ai-tools","Augmented Reality AI","augmented-reality-ai","AR Navigation AI","ar-navigation-ai","AR Navigation AI","ar-navigation-ai","/collections/ar-navigation-ai","ai-tools","/pages/ai-tools","False"
"AI Tools","ai-tools","Augmented Reality AI","augmented-reality-ai","AR Object Recognition AI","ar-object-recognition-ai","AR Object Recognition AI","ar-object-recognition-ai","/collections/ar-object-recognition-ai","ai-tools","/pages/ai-tools","False"
"AI Tools","ai-tools","Augmented Reality AI","augmented-reality-ai","AR Training Simulations","ar-training-simulations","AR Training Simulations","ar-training-simulations","/collections/ar-training-simulations","ai-tools","/pages/ai-tools","False"
"AI Tools","ai-tools","Augmented Reality AI","augmented-reality-ai","Other","other","Augmented Reality AI - Other","augmented-reality-ai-other","/collections/augmented-reality-ai-other","ai-tools","/pages/ai-tools","False"
"AI Tools","ai-tools","Business AI","business-ai","Business Intelligence AI","business-intelligence-ai","Business Intelligence AI","business-intelligence-ai","/collections/business-intelligence-ai","ai-tools","/pages/ai-tools","False"
"AI Tools","ai-tools","Business AI","business-ai","CRM AI","crm-ai","CRM AI","crm-ai","/collections/crm-ai","ai-tools","/pages/ai-tools","False"
"AI Tools","ai-tools","Business AI","business-ai","Decision Support AI","decision-support-ai","Decision Support AI","decision-support-ai","/collections/decision-support-ai","ai-tools","/pages/ai-tools","False"
"AI Tools","ai-tools","Business AI","business-ai","Other","other","Business AI - Other","business-ai-other","/collections/business-ai-other","ai-tools","/pages/ai-tools","False"
"AI Tools","ai-tools","Business AI","business-ai","Process Automation AI","process-automation-ai","Process Automation AI","process-automation-ai","/collections/process-automation-ai","ai-tools","/pages/ai-tools","False"
"AI Tools","ai-tools","Business AI","business-ai","Revenue Forecasting AI","revenue-forecasting-ai","Revenue Forecasting AI","revenue-forecasting-ai","/collections/revenue-forecasting-ai","ai-tools","/pages/ai-tools","False"
"AI Tools","ai-tools","Code AI","code-ai","Bug Detection AI","bug-detection-ai","Bug Detection AI","bug-detection-ai","/collections/bug-detection-ai","ai-tools","/pages/ai-tools","False"
"AI Tools","ai-tools","Code AI","code-ai","Code Generation AI","code-generation-ai","Code Generation AI","code-generation-ai","/collections/code-generation-ai","ai-tools","/pages/ai-tools","False"
"AI Tools","ai-tools","Code AI","code-ai","Code Review AI","code-review-ai","Code Review AI","code-review-ai","/collections/code-review-ai","ai-tools","/pages/ai-tools","False"
"AI Tools","ai-tools","Code AI","code-ai","DevOps AI","devops-ai","DevOps AI","devops-ai","/collections/devops-ai","ai-tools","/pages/ai-tools","False"
"AI Tools","ai-tools","Code AI","code-ai","Other","other","Code AI - Other","code-ai-other","/collections/code-ai-other","ai-tools","/pages/ai-tools","False"
"AI Tools","ai-tools","Code AI","code-ai","Test Automation AI","test-automation-ai","Test Automation AI","test-automation-ai","/collections/test-automation-ai","ai-tools","/pages/ai-tools","False"
"AI Tools","ai-tools","Creative AI","creative-ai","3D Model Generation AI","3d-model-generation-ai","3D Model Generation AI","3d-model-generation-ai","/collections/3d-model-generation-ai","ai-tools","/pages/ai-tools","False"
"AI Tools","ai-tools","Creative AI","creative-ai","AI Art Generation","ai-art-generation","AI Art Generation","ai-art-generation","/collections/ai-art-generation","ai-tools","/pages/ai-tools","False"
"AI Tools","ai-tools","Creative AI","creative-ai","Branding AI","branding-ai","Branding AI","branding-ai","/collections/branding-ai","ai-tools","/pages/ai-tools","False"
"AI Tools","ai-tools","Creative AI","creative-ai","Graphic Design AI","graphic-design-ai","Graphic Design AI","graphic-design-ai","/collections/graphic-design-ai","ai-tools","/pages/ai-tools","False"
"AI Tools","ai-tools","Creative AI","creative-ai","Other","other","Creative AI - Other","creative-ai-other","/collections/creative-ai-other","ai-tools","/pages/ai-tools","False"
"AI Tools","ai-tools","Creative AI","creative-ai","Presentation Design AI","presentation-design-ai","Presentation Design AI","presentation-design-ai","/collections/presentation-design-ai","ai-tools","/pages/ai-tools","False"
"AI Tools","ai-tools","Customer Service AI","customer-service-ai","AI Chatbots","ai-chatbots","AI Chatbots","ai-chatbots","/collections/ai-chatbots","ai-tools","/pages/ai-tools","False"
"AI Tools","ai-tools","Customer Service AI","customer-service-ai","Helpdesk AI","helpdesk-ai","Helpdesk AI","helpdesk-ai","/collections/helpdesk-ai","ai-tools","/pages/ai-tools","False"
"AI Tools","ai-tools","Customer Service AI","customer-service-ai","Other","other","Customer Service AI - Other","customer-service-ai-other","/collections/customer-service-ai-other","ai-tools","/pages/ai-tools","False"
"AI Tools","ai-tools","Customer Service AI","customer-service-ai","Sentiment Analysis AI","sentiment-analysis-ai","Sentiment Analysis AI","sentiment-analysis-ai","/collections/sentiment-analysis-ai","ai-tools","/pages/ai-tools","False"
"AI Tools","ai-tools","Customer Service AI","customer-service-ai","Ticket Automation AI","ticket-automation-ai","Ticket Automation AI","ticket-automation-ai","/collections/ticket-automation-ai","ai-tools","/pages/ai-tools","False"
"AI Tools","ai-tools","Customer Service AI","customer-service-ai","Voice Bots","voice-bots","Voice Bots","voice-bots","/collections/voice-bots","ai-tools","/pages/ai-tools","False"
"AI Tools","ai-tools","Data AI","data-ai","Data Analytics AI","data-analytics-ai","Data Analytics AI","data-analytics-ai","/collections/data-analytics-ai","ai-tools","/pages/ai-tools","False"
"AI Tools","ai-tools","Data AI","data-ai","Data Cleaning AI","data-cleaning-ai","Data Cleaning AI","data-cleaning-ai","/collections/data-cleaning-ai","ai-tools","/pages/ai-tools","False"
"AI Tools","ai-tools","Data AI","data-ai","Data Visualization AI","data-visualization-ai","Data Visualization AI","data-visualization-ai","/collections/data-visualization-ai","ai-tools","/pages/ai-tools","False"
"AI Tools","ai-tools","Data AI","data-ai","Other","other","Data AI - Other","data-ai-other","/collections/data-ai-other","ai-tools","/pages/ai-tools","False"
"AI Tools","ai-tools","Data AI","data-ai","Predictive Analytics AI","predictive-analytics-ai","Predictive Analytics AI","predictive-analytics-ai","/collections/predictive-analytics-ai","ai-tools","/pages/ai-tools","False"
"AI Tools","ai-tools","Data AI","data-ai","Responsible AI Governance","responsible-ai-governance","Responsible AI Governance","responsible-ai-governance","/collections/responsible-ai-governance","ai-tools","/pages/ai-tools","False"
"AI Tools","ai-tools","Education AI","education-ai","Adaptive Learning AI","adaptive-learning-ai","Adaptive Learning AI","adaptive-learning-ai","/collections/adaptive-learning-ai","ai-tools","/pages/ai-tools","False"
"AI Tools","ai-tools","Education AI","education-ai","AI Tutoring Systems","ai-tutoring-systems","AI Tutoring Systems","ai-tutoring-systems","/collections/ai-tutoring-systems","ai-tools","/pages/ai-tools","False"
"AI Tools","ai-tools","Education AI","education-ai","Educational Content AI","educational-content-ai","Educational Content AI","educational-content-ai","/collections/educational-content-ai","ai-tools","/pages/ai-tools","False"
"AI Tools","ai-tools","Education AI","education-ai","Exam Proctoring AI","exam-proctoring-ai","Exam Proctoring AI","exam-proctoring-ai","/collections/exam-proctoring-ai","ai-tools","/pages/ai-tools","False"
"AI Tools","ai-tools","Education AI","education-ai","Other","other","Education AI - Other","education-ai-other","/collections/education-ai-other","ai-tools","/pages/ai-tools","False"
"AI Tools","ai-tools","Energy AI","energy-ai","Energy Consumption Optimization AI","energy-consumption-optimization-ai","Energy Consumption Optimization AI","energy-consumption-optimization-ai","/collections/energy-consumption-optimization-ai","ai-tools","/pages/ai-tools","False"
"AI Tools","ai-tools","Energy AI","energy-ai","Other","other","Energy AI - Other","energy-ai-other","/collections/energy-ai-other","ai-tools","/pages/ai-tools","False"
"AI Tools","ai-tools","Energy AI","energy-ai","Renewable Energy Forecasting AI","renewable-energy-forecasting-ai","Renewable Energy Forecasting AI","renewable-energy-forecasting-ai","/collections/renewable-energy-forecasting-ai","ai-tools","/pages/ai-tools","False"
"AI Tools","ai-tools","Energy AI","energy-ai","Smart Grid AI","smart-grid-ai","Smart Grid AI","smart-grid-ai","/collections/smart-grid-ai","ai-tools","/pages/ai-tools","False"
"AI Tools","ai-tools","Environmental AI","environmental-ai","Carbon Tracking AI","carbon-tracking-ai","Carbon Tracking AI","carbon-tracking-ai","/collections/carbon-tracking-ai","ai-tools","/pages/ai-tools","False"
"AI Tools","ai-tools","Environmental AI","environmental-ai","Climate Modeling AI","climate-modeling-ai","Climate Modeling AI","climate-modeling-ai","/collections/climate-modeling-ai","ai-tools","/pages/ai-tools","False"
"AI Tools","ai-tools","Environmental AI","environmental-ai","Environmental Monitoring AI","environmental-monitoring-ai","Environmental Monitoring AI","environmental-monitoring-ai","/collections/environmental-monitoring-ai","ai-tools","/pages/ai-tools","False"
"AI Tools","ai-tools","Environmental AI","environmental-ai","Other","other","Environmental AI - Other","environmental-ai-other","/collections/environmental-ai-other","ai-tools","/pages/ai-tools","False"
"AI Tools","ai-tools","Finance AI","finance-ai","Algorithmic Trading AI","algorithmic-trading-ai","Algorithmic Trading AI","algorithmic-trading-ai","/collections/algorithmic-trading-ai","ai-tools","/pages/ai-tools","False"
"AI Tools","ai-tools","Finance AI","finance-ai","Credit Scoring AI","credit-scoring-ai","Credit Scoring AI","credit-scoring-ai","/collections/credit-scoring-ai","ai-tools","/pages/ai-tools","False"
"AI Tools","ai-tools","Finance AI","finance-ai","Fraud Detection AI","fraud-detection-ai","Fraud Detection AI","fraud-detection-ai","/collections/fraud-detection-ai","ai-tools","/pages/ai-tools","False"
"AI Tools","ai-tools","Finance AI","finance-ai","Other","other","Finance AI - Other","finance-ai-other","/collections/finance-ai-other","ai-tools","/pages/ai-tools","False"
"AI Tools","ai-tools","Finance AI","finance-ai","Risk Assessment AI","risk-assessment-ai","Risk Assessment AI","risk-assessment-ai","/collections/risk-assessment-ai","ai-tools","/pages/ai-tools","False"
"AI Tools","ai-tools","Gaming AI","gaming-ai","Game Testing AI","game-testing-ai","Game Testing AI","game-testing-ai","/collections/game-testing-ai","ai-tools","/pages/ai-tools","False"
"AI Tools","ai-tools","Gaming AI","gaming-ai","NPC Behavior AI","npc-behavior-ai","NPC Behavior AI","npc-behavior-ai","/collections/npc-behavior-ai","ai-tools","/pages/ai-tools","False"
"AI Tools","ai-tools","Gaming AI","gaming-ai","Other","other","Gaming AI - Other","gaming-ai-other","/collections/gaming-ai-other","ai-tools","/pages/ai-tools","False"
"AI Tools","ai-tools","Gaming AI","gaming-ai","Procedural Content Generation AI","procedural-content-generation-ai","Procedural Content Generation AI","procedural-content-generation-ai","/collections/procedural-content-generation-ai","ai-tools","/pages/ai-tools","False"
"AI Tools","ai-tools","Healthcare AI","healthcare-ai","Clinical Decision Support AI","clinical-decision-support-ai","Clinical Decision Support AI","clinical-decision-support-ai","/collections/clinical-decision-support-ai","ai-tools","/pages/ai-tools","False"
"AI Tools","ai-tools","Healthcare AI","healthcare-ai","Drug Discovery AI","drug-discovery-ai","Drug Discovery AI","drug-discovery-ai","/collections/drug-discovery-ai","ai-tools","/pages/ai-tools","False"
"AI Tools","ai-tools","Healthcare AI","healthcare-ai","Medical Imaging AI","medical-imaging-ai","Medical Imaging AI","medical-imaging-ai","/collections/medical-imaging-ai","ai-tools","/pages/ai-tools","False"
"AI Tools","ai-tools","Healthcare AI","healthcare-ai","Other","other","Healthcare AI - Other","healthcare-ai-other","/collections/healthcare-ai-other","ai-tools","/pages/ai-tools","False"
"AI Tools","ai-tools","Healthcare AI","healthcare-ai","Remote Patient Monitoring AI","remote-patient-monitoring-ai","Remote Patient Monitoring AI","remote-patient-monitoring-ai","/collections/remote-patient-monitoring-ai","ai-tools","/pages/ai-tools","False"
"AI Tools","ai-tools","Human Resources AI","human-resources-ai","Employee Engagement AI","employee-engagement-ai","Employee Engagement AI","employee-engagement-ai","/collections/employee-engagement-ai","ai-tools","/pages/ai-tools","False"
"AI Tools","ai-tools","Human Resources AI","human-resources-ai","Other","other","Human Resources AI - Other","human-resources-ai-other","/collections/human-resources-ai-other","ai-tools","/pages/ai-tools","False"
"AI Tools","ai-tools","Human Resources AI","human-resources-ai","Resume Screening AI","resume-screening-ai","Resume Screening AI","resume-screening-ai","/collections/resume-screening-ai","ai-tools","/pages/ai-tools","False"
"AI Tools","ai-tools","Human Resources AI","human-resources-ai","Talent Matching AI","talent-matching-ai","Talent Matching AI","talent-matching-ai","/collections/talent-matching-ai","ai-tools","/pages/ai-tools","False"
"AI Tools","ai-tools","Human Resources AI","human-resources-ai","Workforce Analytics AI","workforce-analytics-ai","Workforce Analytics AI","workforce-analytics-ai","/collections/workforce-analytics-ai","ai-tools","/pages/ai-tools","False"
"AI Tools","ai-tools","Language AI","language-ai","Conversational AI","conversational-ai","Conversational AI","conversational-ai","/collections/conversational-ai","ai-tools","/pages/ai-tools","False"
"AI Tools","ai-tools","Language AI","language-ai","Grammar Correction AI","grammar-correction-ai","Grammar Correction AI","grammar-correction-ai","/collections/grammar-correction-ai","ai-tools","/pages/ai-tools","False"
"AI Tools","ai-tools","Language AI","language-ai","Intent Recognition AI","intent-recognition-ai","Intent Recognition AI","intent-recognition-ai","/collections/intent-recognition-ai","ai-tools","/pages/ai-tools","False"
"AI Tools","ai-tools","Language AI","language-ai","Machine Translation AI","machine-translation-ai","Machine Translation AI","machine-translation-ai","/collections/machine-translation-ai","ai-tools","/pages/ai-tools","False"
"AI Tools","ai-tools","Language AI","language-ai","Other","other","Language AI - Other","language-ai-other","/collections/language-ai-other","ai-tools","/pages/ai-tools","False"
"AI Tools","ai-tools","Language AI","language-ai","Text Summarization AI","text-summarization-ai","Text Summarization AI","text-summarization-ai","/collections/text-summarization-ai","ai-tools","/pages/ai-tools","False"
"AI Tools","ai-tools","Legal AI","legal-ai","Compliance Monitoring AI","compliance-monitoring-ai","Compliance Monitoring AI","compliance-monitoring-ai","/collections/compliance-monitoring-ai","ai-tools","/pages/ai-tools","False"
"AI Tools","ai-tools","Legal AI","legal-ai","Contract Review AI","contract-review-ai","Contract Review AI","contract-review-ai","/collections/contract-review-ai","ai-tools","/pages/ai-tools","False"
"AI Tools","ai-tools","Legal AI","legal-ai","Legal Research AI","legal-research-ai","Legal Research AI","legal-research-ai","/collections/legal-research-ai","ai-tools","/pages/ai-tools","False"
"AI Tools","ai-tools","Legal AI","legal-ai","Other","other","Legal AI - Other","legal-ai-other","/collections/legal-ai-other","ai-tools","/pages/ai-tools","False"
"AI Tools","ai-tools","Manufacturing AI","manufacturing-ai","Industrial Robotics AI","industrial-robotics-ai","Industrial Robotics AI","industrial-robotics-ai","/collections/industrial-robotics-ai","ai-tools","/pages/ai-tools","False"
"AI Tools","ai-tools","Manufacturing AI","manufacturing-ai","Other","other","Manufacturing AI - Other","manufacturing-ai-other","/collections/manufacturing-ai-other","ai-tools","/pages/ai-tools","False"
"AI Tools","ai-tools","Manufacturing AI","manufacturing-ai","Predictive Maintenance AI","predictive-maintenance-ai","Predictive Maintenance AI","predictive-maintenance-ai","/collections/predictive-maintenance-ai","ai-tools","/pages/ai-tools","False"
"AI Tools","ai-tools","Manufacturing AI","manufacturing-ai","Quality Inspection AI","quality-inspection-ai","Quality Inspection AI","quality-inspection-ai","/collections/quality-inspection-ai","ai-tools","/pages/ai-tools","False"
"AI Tools","ai-tools","Mental Health AI","mental-health-ai","AI Therapy Chatbots","ai-therapy-chatbots","AI Therapy Chatbots","ai-therapy-chatbots","/collections/ai-therapy-chatbots","ai-tools","/pages/ai-tools","False"
"AI Tools","ai-tools","Mental Health AI","mental-health-ai","Behavioral Analysis AI","behavioral-analysis-ai","Behavioral Analysis AI","behavioral-analysis-ai","/collections/behavioral-analysis-ai","ai-tools","/pages/ai-tools","False"
"AI Tools","ai-tools","Mental Health AI","mental-health-ai","Mood Tracking AI","mood-tracking-ai","Mood Tracking AI","mood-tracking-ai","/collections/mood-tracking-ai","ai-tools","/pages/ai-tools","False"
"AI Tools","ai-tools","Mental Health AI","mental-health-ai","Other","other","Mental Health AI - Other","mental-health-ai-other","/collections/mental-health-ai-other","ai-tools","/pages/ai-tools","False"
"AI Tools","ai-tools","News AI","news-ai","Automated Journalism AI","automated-journalism-ai","Automated Journalism AI","automated-journalism-ai","/collections/automated-journalism-ai","ai-tools","/pages/ai-tools","False"
"AI Tools","ai-tools","News AI","news-ai","Content Personalization AI","content-personalization-ai","Content Personalization AI","content-personalization-ai","/collections/content-personalization-ai","ai-tools","/pages/ai-tools","False"
"AI Tools","ai-tools","News AI","news-ai","Fake News Detection AI","fake-news-detection-ai","Fake News Detection AI","fake-news-detection-ai","/collections/fake-news-detection-ai","ai-tools","/pages/ai-tools","False"
"AI Tools","ai-tools","News AI","news-ai","Other","other","News AI - Other","news-ai-other","/collections/news-ai-other","ai-tools","/pages/ai-tools","False"
"AI Tools","ai-tools","Real Estate AI","real-estate-ai","Market Analysis AI","market-analysis-ai","Market Analysis AI","market-analysis-ai","/collections/market-analysis-ai","ai-tools","/pages/ai-tools","False"
"AI Tools","ai-tools","Real Estate AI","real-estate-ai","Other","other","Real Estate AI - Other","real-estate-ai-other","/collections/real-estate-ai-other","ai-tools","/pages/ai-tools","False"
"AI Tools","ai-tools","Real Estate AI","real-estate-ai","Property Valuation AI","property-valuation-ai","Property Valuation AI","property-valuation-ai","/collections/property-valuation-ai","ai-tools","/pages/ai-tools","False"
"AI Tools","ai-tools","Real Estate AI","real-estate-ai","Real Estate Chatbots","real-estate-chatbots","Real Estate Chatbots","real-estate-chatbots","/collections/real-estate-chatbots","ai-tools","/pages/ai-tools","False"
"AI Tools","ai-tools","Retail AI","retail-ai","Demand Forecasting AI","demand-forecasting-ai","Demand Forecasting AI","demand-forecasting-ai","/collections/demand-forecasting-ai","ai-tools","/pages/ai-tools","False"
"AI Tools","ai-tools","Retail AI","retail-ai","Inventory Optimization AI","inventory-optimization-ai","Inventory Optimization AI","inventory-optimization-ai","/collections/inventory-optimization-ai","ai-tools","/pages/ai-tools","False"
"AI Tools","ai-tools","Retail AI","retail-ai","Other","other","Retail AI - Other","retail-ai-other","/collections/retail-ai-other","ai-tools","/pages/ai-tools","False"
"AI Tools","ai-tools","Retail AI","retail-ai","Recommendation Engines","recommendation-engines","Recommendation Engines","recommendation-engines","/collections/recommendation-engines","ai-tools","/pages/ai-tools","False"
"AI Tools","ai-tools","Retail AI","retail-ai","Visual Search AI","visual-search-ai","Visual Search AI","visual-search-ai","/collections/visual-search-ai","ai-tools","/pages/ai-tools","False"
"AI Tools","ai-tools","Robotics AI","robotics-ai","Autonomous Robots","autonomous-robots","Autonomous Robots","autonomous-robots","/collections/autonomous-robots","ai-tools","/pages/ai-tools","False"
"AI Tools","ai-tools","Robotics AI","robotics-ai","Industrial Robotics","industrial-robotics","Industrial Robotics","industrial-robotics","/collections/industrial-robotics","ai-tools","/pages/ai-tools","False"
"AI Tools","ai-tools","Robotics AI","robotics-ai","Other","other","Robotics AI - Other","robotics-ai-other","/collections/robotics-ai-other","ai-tools","/pages/ai-tools","False"
"AI Tools","ai-tools","Robotics AI","robotics-ai","Service Robots","service-robots","Service Robots","service-robots","/collections/service-robots","ai-tools","/pages/ai-tools","False"
"AI Tools","ai-tools","Search AI","search-ai","Enterprise Search AI","enterprise-search-ai","Enterprise Search AI","enterprise-search-ai","/collections/enterprise-search-ai","ai-tools","/pages/ai-tools","False"
"AI Tools","ai-tools","Search AI","search-ai","Other","other","Search AI - Other","search-ai-other","/collections/search-ai-other","ai-tools","/pages/ai-tools","False"
"AI Tools","ai-tools","Search AI","search-ai","Semantic Search AI","semantic-search-ai","Semantic Search AI","semantic-search-ai","/collections/semantic-search-ai","ai-tools","/pages/ai-tools","False"
"AI Tools","ai-tools","Search AI","search-ai","Voice Search AI","voice-search-ai","Voice Search AI","voice-search-ai","/collections/voice-search-ai","ai-tools","/pages/ai-tools","False"
"AI Tools","ai-tools","Security AI","security-ai","Biometric Authentication AI","biometric-authentication-ai","Biometric Authentication AI","biometric-authentication-ai","/collections/biometric-authentication-ai","ai-tools","/pages/ai-tools","False"
"AI Tools","ai-tools","Security AI","security-ai","Cybersecurity AI","cybersecurity-ai","Cybersecurity AI","cybersecurity-ai","/collections/cybersecurity-ai","ai-tools","/pages/ai-tools","False"
"AI Tools","ai-tools","Security AI","security-ai","Other","other","Security AI - Other","security-ai-other","/collections/security-ai-other","ai-tools","/pages/ai-tools","False"
"AI Tools","ai-tools","Security AI","security-ai","Threat Detection AI","threat-detection-ai","Threat Detection AI","threat-detection-ai","/collections/threat-detection-ai","ai-tools","/pages/ai-tools","False"
"AI Tools","ai-tools","Social Media AI","social-media-ai","Content Scheduling AI","content-scheduling-ai","Content Scheduling AI","content-scheduling-ai","/collections/content-scheduling-ai","ai-tools","/pages/ai-tools","False"
"AI Tools","ai-tools","Social Media AI","social-media-ai","Influencer Analytics AI","influencer-analytics-ai","Influencer Analytics AI","influencer-analytics-ai","/collections/influencer-analytics-ai","ai-tools","/pages/ai-tools","False"
"AI Tools","ai-tools","Social Media AI","social-media-ai","Other","other","Social Media AI - Other","social-media-ai-other","/collections/social-media-ai-other","ai-tools","/pages/ai-tools","False"
"AI Tools","ai-tools","Social Media AI","social-media-ai","Social Listening AI","social-listening-ai","Social Listening AI","social-listening-ai","/collections/social-listening-ai","ai-tools","/pages/ai-tools","False"
"AI Tools","ai-tools","Sports AI","sports-ai","Fan Engagement AI","fan-engagement-ai","Fan Engagement AI","fan-engagement-ai","/collections/fan-engagement-ai","ai-tools","/pages/ai-tools","False"
"AI Tools","ai-tools","Sports AI","sports-ai","Injury Prediction AI","injury-prediction-ai","Injury Prediction AI","injury-prediction-ai","/collections/injury-prediction-ai","ai-tools","/pages/ai-tools","False"
"AI Tools","ai-tools","Sports AI","sports-ai","Other","other","Sports AI - Other","sports-ai-other","/collections/sports-ai-other","ai-tools","/pages/ai-tools","False"
"AI Tools","ai-tools","Sports AI","sports-ai","Performance Analytics AI","performance-analytics-ai","Performance Analytics AI","performance-analytics-ai","/collections/performance-analytics-ai","ai-tools","/pages/ai-tools","False"
"AI Tools","ai-tools","Supply Chain AI","supply-chain-ai","Demand Planning AI","demand-planning-ai","Demand Planning AI","demand-planning-ai","/collections/demand-planning-ai","ai-tools","/pages/ai-tools","False"
"AI Tools","ai-tools","Supply Chain AI","supply-chain-ai","Logistics Optimization AI","logistics-optimization-ai","Logistics Optimization AI","logistics-optimization-ai","/collections/logistics-optimization-ai","ai-tools","/pages/ai-tools","False"
"AI Tools","ai-tools","Supply Chain AI","supply-chain-ai","Other","other","Supply Chain AI - Other","supply-chain-ai-other","/collections/supply-chain-ai-other","ai-tools","/pages/ai-tools","False"
"AI Tools","ai-tools","Supply Chain AI","supply-chain-ai","Warehouse Automation AI","warehouse-automation-ai","Warehouse Automation AI","warehouse-automation-ai","/collections/warehouse-automation-ai","ai-tools","/pages/ai-tools","False"
"AI Tools","ai-tools","Telecommunications AI","telecommunications-ai","5G Analytics AI","5g-analytics-ai","5G Analytics AI","5g-analytics-ai","/collections/5g-analytics-ai","ai-tools","/pages/ai-tools","False"
"AI Tools","ai-tools","Telecommunications AI","telecommunications-ai","Customer Churn Prediction AI","customer-churn-prediction-ai","Customer Churn Prediction AI","customer-churn-prediction-ai","/collections/customer-churn-prediction-ai","ai-tools","/pages/ai-tools","False"
"AI Tools","ai-tools","Telecommunications AI","telecommunications-ai","Network Optimization AI","network-optimization-ai","Network Optimization AI","network-optimization-ai","/collections/network-optimization-ai","ai-tools","/pages/ai-tools","False"
"AI Tools","ai-tools","Telecommunications AI","telecommunications-ai","Other","other","Telecommunications AI - Other","telecommunications-ai-other","/collections/telecommunications-ai-other","ai-tools","/pages/ai-tools","False"
"AI Tools","ai-tools","Text AI","text-ai","AI Copywriting","ai-copywriting","AI Copywriting","ai-copywriting","/collections/ai-copywriting","ai-tools","/pages/ai-tools","False"
"AI Tools","ai-tools","Text AI","text-ai","Email Writing AI","email-writing-ai","Email Writing AI","email-writing-ai","/collections/email-writing-ai","ai-tools","/pages/ai-tools","False"
"AI Tools","ai-tools","Text AI","text-ai","Long-Form Content AI","long-form-content-ai","Long-Form Content AI","long-form-content-ai","/collections/long-form-content-ai","ai-tools","/pages/ai-tools","False"
"AI Tools","ai-tools","Text AI","text-ai","Other","other","Text AI - Other","text-ai-other","/collections/text-ai-other","ai-tools","/pages/ai-tools","False"
"AI Tools","ai-tools","Text AI","text-ai","Product Description AI","product-description-ai","Product Description AI","product-description-ai","/collections/product-description-ai","ai-tools","/pages/ai-tools","False"
"AI Tools","ai-tools","Text AI","text-ai","SEO Content AI","seo-content-ai","SEO Content AI","seo-content-ai","/collections/seo-content-ai","ai-tools","/pages/ai-tools","False"
"AI Tools","ai-tools","Transportation AI","transportation-ai","Autonomous Driving AI","autonomous-driving-ai","Autonomous Driving AI","autonomous-driving-ai","/collections/autonomous-driving-ai","ai-tools","/pages/ai-tools","False"
"AI Tools","ai-tools","Transportation AI","transportation-ai","Fleet Management AI","fleet-management-ai","Fleet Management AI","fleet-management-ai","/collections/fleet-management-ai","ai-tools","/pages/ai-tools","False"
"AI Tools","ai-tools","Transportation AI","transportation-ai","Other","other","Transportation AI - Other","transportation-ai-other","/collections/transportation-ai-other","ai-tools","/pages/ai-tools","False"
"AI Tools","ai-tools","Transportation AI","transportation-ai","Traffic Management AI","traffic-management-ai","Traffic Management AI","traffic-management-ai","/collections/traffic-management-ai","ai-tools","/pages/ai-tools","False"
"AI Tools","ai-tools","Travel AI","travel-ai","Dynamic Pricing AI","dynamic-pricing-ai","Dynamic Pricing AI","dynamic-pricing-ai","/collections/dynamic-pricing-ai","ai-tools","/pages/ai-tools","False"
"AI Tools","ai-tools","Travel AI","travel-ai","Other","other","Travel AI - Other","travel-ai-other","/collections/travel-ai-other","ai-tools","/pages/ai-tools","False"
"AI Tools","ai-tools","Travel AI","travel-ai","Travel Recommendation AI","travel-recommendation-ai","Travel Recommendation AI","travel-recommendation-ai","/collections/travel-recommendation-ai","ai-tools","/pages/ai-tools","False"
"AI Tools","ai-tools","Travel AI","travel-ai","Virtual Travel Assistants","virtual-travel-assistants","Virtual Travel Assistants","virtual-travel-assistants","/collections/virtual-travel-assistants","ai-tools","/pages/ai-tools","False"
"AI Tools","ai-tools","Video AI","video-ai","Other","other","Video AI - Other","video-ai-other","/collections/video-ai-other","ai-tools","/pages/ai-tools","False"
"AI Tools","ai-tools","Video AI","video-ai","Subtitle Generation AI","subtitle-generation-ai","Subtitle Generation AI","subtitle-generation-ai","/collections/subtitle-generation-ai","ai-tools","/pages/ai-tools","False"
"AI Tools","ai-tools","Video AI","video-ai","Video Editing AI","video-editing-ai","Video Editing AI","video-editing-ai","/collections/video-editing-ai","ai-tools","/pages/ai-tools","False"
"AI Tools","ai-tools","Video AI","video-ai","Video Enhancement AI","video-enhancement-ai","Video Enhancement AI","video-enhancement-ai","/collections/video-enhancement-ai","ai-tools","/pages/ai-tools","False"
"AI Tools","ai-tools","Video AI","video-ai","Video Generation AI","video-generation-ai","Video Generation AI","video-generation-ai","/collections/video-generation-ai","ai-tools","/pages/ai-tools","False"
"AI Tools","ai-tools","Virtual Reality AI","virtual-reality-ai","Immersive Learning AI","immersive-learning-ai","Immersive Learning AI","immersive-learning-ai","/collections/immersive-learning-ai","ai-tools","/pages/ai-tools","False"
"AI Tools","ai-tools","Virtual Reality AI","virtual-reality-ai","Other","other","Virtual Reality AI - Other","virtual-reality-ai-other","/collections/virtual-reality-ai-other","ai-tools","/pages/ai-tools","False"
"AI Tools","ai-tools","Virtual Reality AI","virtual-reality-ai","VR Simulation AI","vr-simulation-ai","VR Simulation AI","vr-simulation-ai","/collections/vr-simulation-ai","ai-tools","/pages/ai-tools","False"
"AI Tools","ai-tools","Virtual Reality AI","virtual-reality-ai","VR Training AI","vr-training-ai","VR Training AI","vr-training-ai","/collections/vr-training-ai","ai-tools","/pages/ai-tools","False"
"AI Tools","ai-tools","Visual AI","visual-ai","Computer Vision AI","computer-vision-ai","Computer Vision AI","computer-vision-ai","/collections/computer-vision-ai","ai-tools","/pages/ai-tools","False"
"AI Tools","ai-tools","Visual AI","visual-ai","Facial Recognition AI","facial-recognition-ai","Facial Recognition AI","facial-recognition-ai","/collections/facial-recognition-ai","ai-tools","/pages/ai-tools","False"
"AI Tools","ai-tools","Visual AI","visual-ai","Image Enhancement AI","image-enhancement-ai","Image Enhancement AI","image-enhancement-ai","/collections/image-enhancement-ai","ai-tools","/pages/ai-tools","False"
"AI Tools","ai-tools","Visual AI","visual-ai","Object Detection AI","object-detection-ai","Object Detection AI","object-detection-ai","/collections/object-detection-ai","ai-tools","/pages/ai-tools","False"
"AI Tools","ai-tools","Visual AI","visual-ai","Other","other","Visual AI - Other","visual-ai-other","/collections/visual-ai-other","ai-tools","/pages/ai-tools","False"
"Cloud Services","cloud-services","Backup & Disaster Recovery","backup--disaster-recovery","Automated Backup","automated-backup","Automated Backup","automated-backup","/collections/automated-backup","cloud-services","/pages/cloud-services","False"
"Cloud Services","cloud-services","Backup & Disaster Recovery","backup--disaster-recovery","Cloud Backup","cloud-backup","Cloud Backup","cloud-backup","/collections/cloud-backup","cloud-services","/pages/cloud-services","False"
"Cloud Services","cloud-services","Backup & Disaster Recovery","backup--disaster-recovery","Disaster Recovery as a Service","disaster-recovery-as-a-service","Disaster Recovery as a Service","disaster-recovery-as-a-service","/collections/disaster-recovery-as-a-service","cloud-services","/pages/cloud-services","False"
"Cloud Services","cloud-services","Backup & Disaster Recovery","backup--disaster-recovery","Server Backup","server-backup","Server Backup","server-backup","/collections/server-backup","cloud-services","/pages/cloud-services","False"
"Cloud Services","cloud-services","Cloud Hosting","cloud-hosting","Auto-Scaling Cloud","auto-scaling-cloud","Auto-Scaling Cloud","auto-scaling-cloud","/collections/auto-scaling-cloud","cloud-services","/pages/cloud-services","False"
"Cloud Services","cloud-services","Cloud Hosting","cloud-hosting","Cloud Backup Solutions","cloud-backup-solutions","Cloud Backup Solutions","cloud-backup-solutions","/collections/cloud-backup-solutions","cloud-services","/pages/cloud-services","False"
"Cloud Services","cloud-services","Cloud Hosting","cloud-hosting","Cloud Server Instances","cloud-server-instances","Cloud Server Instances","cloud-server-instances","/collections/cloud-server-instances","cloud-services","/pages/cloud-services","False"
"Cloud Services","cloud-services","Cloud Hosting","cloud-hosting","Cloud Storage","cloud-storage","Cloud Storage","cloud-storage","/collections/cloud-storage","cloud-services","/pages/cloud-services","False"
"Cloud Services","cloud-services","Cloud Hosting","cloud-hosting","Container Hosting","container-hosting","Container Hosting","container-hosting","/collections/container-hosting","cloud-services","/pages/cloud-services","False"
"Cloud Services","cloud-services","Cloud Hosting","cloud-hosting","High Availability Cloud","high-availability-cloud","High Availability Cloud","high-availability-cloud","/collections/high-availability-cloud","cloud-services","/pages/cloud-services","False"
"Cloud Services","cloud-services","Cloud Hosting","cloud-hosting","Hybrid Cloud Hosting","hybrid-cloud-hosting","Hybrid Cloud Hosting","hybrid-cloud-hosting","/collections/hybrid-cloud-hosting","cloud-services","/pages/cloud-services","False"
"Cloud Services","cloud-services","Cloud Hosting","cloud-hosting","Kubernetes Hosting","kubernetes-hosting","Kubernetes Hosting","kubernetes-hosting","/collections/kubernetes-hosting","cloud-services","/pages/cloud-services","False"
"Cloud Services","cloud-services","Cloud Hosting","cloud-hosting","Managed Cloud Hosting","managed-cloud-hosting","Managed Cloud Hosting","managed-cloud-hosting","/collections/managed-cloud-hosting","cloud-services","/pages/cloud-services","False"
"Cloud Services","cloud-services","Cloud Hosting","cloud-hosting","Private Cloud Hosting","private-cloud-hosting","Private Cloud Hosting","private-cloud-hosting","/collections/private-cloud-hosting","cloud-services","/pages/cloud-services","False"
"Cloud Services","cloud-services","Cloud Hosting","cloud-hosting","Public Cloud Hosting","public-cloud-hosting","Public Cloud Hosting","public-cloud-hosting","/collections/public-cloud-hosting","cloud-services","/pages/cloud-services","False"
"Cloud Services","cloud-services","Colocation Services","colocation-services","Data Center Colocation","data-center-colocation","Data Center Colocation","data-center-colocation","/collections/data-center-colocation","cloud-services","/pages/cloud-services","False"
"Cloud Services","cloud-services","Colocation Services","colocation-services","Disaster Recovery Colocation","disaster-recovery-colocation","Disaster Recovery Colocation","disaster-recovery-colocation","/collections/disaster-recovery-colocation","cloud-services","/pages/cloud-services","False"
"Cloud Services","cloud-services","Colocation Services","colocation-services","Full Rack Colocation","full-rack-colocation","Full Rack Colocation","full-rack-colocation","/collections/full-rack-colocation","cloud-services","/pages/cloud-services","False"
"Cloud Services","cloud-services","Colocation Services","colocation-services","High Power Density Colocation","high-power-density-colocation","High Power Density Colocation","high-power-density-colocation","/collections/high-power-density-colocation","cloud-services","/pages/cloud-services","False"
"Cloud Services","cloud-services","Colocation Services","colocation-services","Private Cage Colocation","private-cage-colocation","Private Cage Colocation","private-cage-colocation","/collections/private-cage-colocation","cloud-services","/pages/cloud-services","False"
"Cloud Services","cloud-services","Colocation Services","colocation-services","Single Rack Colocation","single-rack-colocation","Single Rack Colocation","single-rack-colocation","/collections/single-rack-colocation","cloud-services","/pages/cloud-services","False"
"Cloud Services","cloud-services","Colocation Services","colocation-services","Tier III Data Center","tier-iii-data-center","Tier III Data Center","tier-iii-data-center","/collections/tier-iii-data-center","cloud-services","/pages/cloud-services","False"
"Cloud Services","cloud-services","Colocation Services","colocation-services","Tier IV Data Center","tier-iv-data-center","Tier IV Data Center","tier-iv-data-center","/collections/tier-iv-data-center","cloud-services","/pages/cloud-services","False"
"Cloud Services","cloud-services","Dedicated Servers","dedicated-servers","Bare Metal Servers","bare-metal-servers","Bare Metal Servers","bare-metal-servers","/collections/bare-metal-servers","cloud-services","/pages/cloud-services","False"
"Cloud Services","cloud-services","Dedicated Servers","dedicated-servers","Custom Configuration Servers","custom-configuration-servers","Custom Configuration Servers","custom-configuration-servers","/collections/custom-configuration-servers","cloud-services","/pages/cloud-services","False"
"Cloud Services","cloud-services","Dedicated Servers","dedicated-servers","Enterprise Dedicated Servers","enterprise-dedicated-servers","Enterprise Dedicated Servers","enterprise-dedicated-servers","/collections/enterprise-dedicated-servers","cloud-services","/pages/cloud-services","False"
"Cloud Services","cloud-services","Dedicated Servers","dedicated-servers","GPU Dedicated Servers","gpu-dedicated-servers","GPU Dedicated Servers","gpu-dedicated-servers","/collections/gpu-dedicated-servers","cloud-services","/pages/cloud-services","False"
"Cloud Services","cloud-services","Dedicated Servers","dedicated-servers","High-Performance Dedicated Servers","high-performance-dedicated-servers","High-Performance Dedicated Servers","high-performance-dedicated-servers","/collections/high-performance-dedicated-servers","cloud-services","/pages/cloud-services","False"
"Cloud Services","cloud-services","Dedicated Servers","dedicated-servers","Location-Based Dedicated Servers","location-based-dedicated-servers","Location-Based Dedicated Servers","location-based-dedicated-servers","/collections/location-based-dedicated-servers","cloud-services","/pages/cloud-services","False"
"Cloud Services","cloud-services","Dedicated Servers","dedicated-servers","Managed Dedicated Servers","managed-dedicated-servers","Managed Dedicated Servers","managed-dedicated-servers","/collections/managed-dedicated-servers","cloud-services","/pages/cloud-services","False"
"Cloud Services","cloud-services","Dedicated Servers","dedicated-servers","Storage Dedicated Servers","storage-dedicated-servers","Storage Dedicated Servers","storage-dedicated-servers","/collections/storage-dedicated-servers","cloud-services","/pages/cloud-services","False"
"Cloud Services","cloud-services","Dedicated Servers","dedicated-servers","Unmanaged Dedicated Servers","unmanaged-dedicated-servers","Unmanaged Dedicated Servers","unmanaged-dedicated-servers","/collections/unmanaged-dedicated-servers","cloud-services","/pages/cloud-services","False"
"Cloud Services","cloud-services","Domain & DNS Services","domain--dns-services","DNS Management","dns-management","DNS Management","dns-management","/collections/dns-management","cloud-services","/pages/cloud-services","False"
"Cloud Services","cloud-services","Domain & DNS Services","domain--dns-services","Domain Registration","domain-registration","Domain Registration","domain-registration","/collections/domain-registration","cloud-services","/pages/cloud-services","False"
"Cloud Services","cloud-services","Domain & DNS Services","domain--dns-services","Domain Transfer","domain-transfer","Domain Transfer","domain-transfer","/collections/domain-transfer","cloud-services","/pages/cloud-services","False"
"Cloud Services","cloud-services","Domain & DNS Services","domain--dns-services","Premium DNS","premium-dns","Premium DNS","premium-dns","/collections/premium-dns","cloud-services","/pages/cloud-services","False"
"Cloud Services","cloud-services","E-commerce Hosting","e-commerce-hosting","BigCommerce Hosting","bigcommerce-hosting","BigCommerce Hosting","bigcommerce-hosting","/collections/bigcommerce-hosting","cloud-services","/pages/cloud-services","False"
"Cloud Services","cloud-services","E-commerce Hosting","e-commerce-hosting","High Traffic Store Hosting","high-traffic-store-hosting","High Traffic Store Hosting","high-traffic-store-hosting","/collections/high-traffic-store-hosting","cloud-services","/pages/cloud-services","False"
"Cloud Services","cloud-services","E-commerce Hosting","e-commerce-hosting","Magento Hosting","magento-hosting","Magento Hosting","magento-hosting","/collections/magento-hosting","cloud-services","/pages/cloud-services","False"
"Cloud Services","cloud-services","E-commerce Hosting","e-commerce-hosting","OpenCart Hosting","opencart-hosting","OpenCart Hosting","opencart-hosting","/collections/opencart-hosting","cloud-services","/pages/cloud-services","False"
"Cloud Services","cloud-services","E-commerce Hosting","e-commerce-hosting","PCI-Compliant Hosting","pci-compliant-hosting","PCI-Compliant Hosting","pci-compliant-hosting","/collections/pci-compliant-hosting","cloud-services","/pages/cloud-services","False"
"Cloud Services","cloud-services","E-commerce Hosting","e-commerce-hosting","PrestaShop Hosting","prestashop-hosting","PrestaShop Hosting","prestashop-hosting","/collections/prestashop-hosting","cloud-services","/pages/cloud-services","False"
"Cloud Services","cloud-services","E-commerce Hosting","e-commerce-hosting","Shopify-Compatible Hosting","shopify-compatible-hosting","Shopify-Compatible Hosting","shopify-compatible-hosting","/collections/shopify-compatible-hosting","cloud-services","/pages/cloud-services","False"
"Cloud Services","cloud-services","E-commerce Hosting","e-commerce-hosting","WooCommerce Hosting","woocommerce-hosting","WooCommerce Hosting","e-commerce-hosting-woocommerce-hosting","/collections/e-commerce-hosting-woocommerce-hosting","cloud-services","/pages/cloud-services","False"
"Cloud Services","cloud-services","Email Hosting","email-hosting","Business Email Hosting","business-email-hosting","Business Email Hosting","business-email-hosting","/collections/business-email-hosting","cloud-services","/pages/cloud-services","False"
"Cloud Services","cloud-services","Email Hosting","email-hosting","Enterprise Email Solutions","enterprise-email-solutions","Enterprise Email Solutions","enterprise-email-solutions","/collections/enterprise-email-solutions","cloud-services","/pages/cloud-services","False"
"Cloud Services","cloud-services","Email Hosting","email-hosting","Google Workspace Hosting","google-workspace-hosting","Google Workspace Hosting","google-workspace-hosting","/collections/google-workspace-hosting","cloud-services","/pages/cloud-services","False"
"Cloud Services","cloud-services","Email Hosting","email-hosting","Microsoft 365 Hosting","microsoft-365-hosting","Microsoft 365 Hosting","microsoft-365-hosting","/collections/microsoft-365-hosting","cloud-services","/pages/cloud-services","False"
"Cloud Services","cloud-services","Managed Hosting","managed-hosting","DevOps Managed Services","devops-managed-services","DevOps Managed Services","devops-managed-services","/collections/devops-managed-services","cloud-services","/pages/cloud-services","False"
"Cloud Services","cloud-services","Managed Hosting","managed-hosting","Fully Managed Servers","fully-managed-servers","Fully Managed Servers","fully-managed-servers","/collections/fully-managed-servers","cloud-services","/pages/cloud-services","False"
"Cloud Services","cloud-services","Managed Hosting","managed-hosting","Managed Database Hosting","managed-database-hosting","Managed Database Hosting","managed-database-hosting","/collections/managed-database-hosting","cloud-services","/pages/cloud-services","False"
"Cloud Services","cloud-services","Managed Hosting","managed-hosting","Managed Laravel Hosting","managed-laravel-hosting","Managed Laravel Hosting","managed-laravel-hosting","/collections/managed-laravel-hosting","cloud-services","/pages/cloud-services","False"
"Cloud Services","cloud-services","Managed Hosting","managed-hosting","Managed Magento Hosting","managed-magento-hosting","Managed Magento Hosting","managed-magento-hosting","/collections/managed-magento-hosting","cloud-services","/pages/cloud-services","False"
"Cloud Services","cloud-services","Managed Hosting","managed-hosting","Managed Node.js Hosting","managed-nodejs-hosting","Managed Node.js Hosting","managed-nodejs-hosting","/collections/managed-nodejs-hosting","cloud-services","/pages/cloud-services","False"
"Cloud Services","cloud-services","Managed Hosting","managed-hosting","Managed PHP Hosting","managed-php-hosting","Managed PHP Hosting","managed-php-hosting","/collections/managed-php-hosting","cloud-services","/pages/cloud-services","False"
"Cloud Services","cloud-services","Managed Hosting","managed-hosting","Managed WooCommerce Hosting","managed-woocommerce-hosting","Managed WooCommerce Hosting","managed-woocommerce-hosting","/collections/managed-woocommerce-hosting","cloud-services","/pages/cloud-services","False"
"Cloud Services","cloud-services","Managed Hosting","managed-hosting","Managed WordPress Hosting","managed-wordpress-hosting","Managed WordPress Hosting","managed-hosting-managed-wordpress-hosting","/collections/managed-hosting-managed-wordpress-hosting","cloud-services","/pages/cloud-services","False"
"Cloud Services","cloud-services","Reseller Hosting","reseller-hosting","Agency Reseller Plans","agency-reseller-plans","Agency Reseller Plans","agency-reseller-plans","/collections/agency-reseller-plans","cloud-services","/pages/cloud-services","False"
"Cloud Services","cloud-services","Reseller Hosting","reseller-hosting","cPanel Reseller Hosting","cpanel-reseller-hosting","cPanel Reseller Hosting","cpanel-reseller-hosting","/collections/cpanel-reseller-hosting","cloud-services","/pages/cloud-services","False"
"Cloud Services","cloud-services","Reseller Hosting","reseller-hosting","Linux Reseller Hosting","linux-reseller-hosting","Linux Reseller Hosting","linux-reseller-hosting","/collections/linux-reseller-hosting","cloud-services","/pages/cloud-services","False"
"Cloud Services","cloud-services","Reseller Hosting","reseller-hosting","Unlimited Reseller Hosting","unlimited-reseller-hosting","Unlimited Reseller Hosting","unlimited-reseller-hosting","/collections/unlimited-reseller-hosting","cloud-services","/pages/cloud-services","False"
"Cloud Services","cloud-services","Reseller Hosting","reseller-hosting","White Label Hosting","white-label-hosting","White Label Hosting","white-label-hosting","/collections/white-label-hosting","cloud-services","/pages/cloud-services","False"
"Cloud Services","cloud-services","Reseller Hosting","reseller-hosting","WHM Reseller Hosting","whm-reseller-hosting","WHM Reseller Hosting","whm-reseller-hosting","/collections/whm-reseller-hosting","cloud-services","/pages/cloud-services","False"
"Cloud Services","cloud-services","Reseller Hosting","reseller-hosting","Windows Reseller Hosting","windows-reseller-hosting","Windows Reseller Hosting","windows-reseller-hosting","/collections/windows-reseller-hosting","cloud-services","/pages/cloud-services","False"
"Cloud Services","cloud-services","Security & SSL","security--ssl","DDoS Protection","ddos-protection","DDoS Protection","ddos-protection","/collections/ddos-protection","cloud-services","/pages/cloud-services","False"
"Cloud Services","cloud-services","Security & SSL","security--ssl","Malware Removal","malware-removal","Malware Removal","malware-removal","/collections/malware-removal","cloud-services","/pages/cloud-services","False"
"Cloud Services","cloud-services","Security & SSL","security--ssl","SSL Certificates","ssl-certificates","SSL Certificates","ssl-certificates","/collections/ssl-certificates","cloud-services","/pages/cloud-services","False"
"Cloud Services","cloud-services","Security & SSL","security--ssl","Web Application Firewall","web-application-firewall","Web Application Firewall","web-application-firewall","/collections/web-application-firewall","cloud-services","/pages/cloud-services","False"
"Cloud Services","cloud-services","Security & SSL","security--ssl","Website Security","website-security","Website Security","website-security","/collections/website-security","cloud-services","/pages/cloud-services","False"
"Cloud Services","cloud-services","Shared Hosting","shared-hosting","Beginner Hosting Plans","beginner-hosting-plans","Beginner Hosting Plans","beginner-hosting-plans","/collections/beginner-hosting-plans","cloud-services","/pages/cloud-services","False"
"Cloud Services","cloud-services","Shared Hosting","shared-hosting","Business Shared Hosting","business-shared-hosting","Business Shared Hosting","business-shared-hosting","/collections/business-shared-hosting","cloud-services","/pages/cloud-services","False"
"Cloud Services","cloud-services","Shared Hosting","shared-hosting","cPanel Shared Hosting","cpanel-shared-hosting","cPanel Shared Hosting","cpanel-shared-hosting","/collections/cpanel-shared-hosting","cloud-services","/pages/cloud-services","False"
"Cloud Services","cloud-services","Shared Hosting","shared-hosting","Linux Shared Hosting","linux-shared-hosting","Linux Shared Hosting","linux-shared-hosting","/collections/linux-shared-hosting","cloud-services","/pages/cloud-services","False"
"Cloud Services","cloud-services","Shared Hosting","shared-hosting","Multi-Domain Hosting","multi-domain-hosting","Multi-Domain Hosting","multi-domain-hosting","/collections/multi-domain-hosting","cloud-services","/pages/cloud-services","False"
"Cloud Services","cloud-services","Shared Hosting","shared-hosting","Plesk Shared Hosting","plesk-shared-hosting","Plesk Shared Hosting","plesk-shared-hosting","/collections/plesk-shared-hosting","cloud-services","/pages/cloud-services","False"
"Cloud Services","cloud-services","Shared Hosting","shared-hosting","SSD Shared Hosting","ssd-shared-hosting","SSD Shared Hosting","ssd-shared-hosting","/collections/ssd-shared-hosting","cloud-services","/pages/cloud-services","False"
"Cloud Services","cloud-services","Shared Hosting","shared-hosting","Unlimited Shared Hosting","unlimited-shared-hosting","Unlimited Shared Hosting","unlimited-shared-hosting","/collections/unlimited-shared-hosting","cloud-services","/pages/cloud-services","False"
"Cloud Services","cloud-services","Shared Hosting","shared-hosting","Windows Shared Hosting","windows-shared-hosting","Windows Shared Hosting","windows-shared-hosting","/collections/windows-shared-hosting","cloud-services","/pages/cloud-services","False"
"Cloud Services","cloud-services","VPS Hosting","vps-hosting","cPanel VPS","cpanel-vps","cPanel VPS","cpanel-vps","/collections/cpanel-vps","cloud-services","/pages/cloud-services","False"
"Cloud Services","cloud-services","VPS Hosting","vps-hosting","Forex VPS","forex-vps","Forex VPS","forex-vps","/collections/forex-vps","cloud-services","/pages/cloud-services","False"
"Cloud Services","cloud-services","VPS Hosting","vps-hosting","Gaming VPS","gaming-vps","Gaming VPS","gaming-vps","/collections/gaming-vps","cloud-services","/pages/cloud-services","False"
"Cloud Services","cloud-services","VPS Hosting","vps-hosting","High-RAM VPS","high-ram-vps","High-RAM VPS","high-ram-vps","/collections/high-ram-vps","cloud-services","/pages/cloud-services","False"
"Cloud Services","cloud-services","VPS Hosting","vps-hosting","Linux VPS","linux-vps","Linux VPS","linux-vps","/collections/linux-vps","cloud-services","/pages/cloud-services","False"
"Cloud Services","cloud-services","VPS Hosting","vps-hosting","Managed VPS Hosting","managed-vps-hosting","Managed VPS Hosting","managed-vps-hosting","/collections/managed-vps-hosting","cloud-services","/pages/cloud-services","False"
"Cloud Services","cloud-services","VPS Hosting","vps-hosting","NVMe VPS","nvme-vps","NVMe VPS","nvme-vps","/collections/nvme-vps","cloud-services","/pages/cloud-services","False"
"Cloud Services","cloud-services","VPS Hosting","vps-hosting","Plesk VPS","plesk-vps","Plesk VPS","plesk-vps","/collections/plesk-vps","cloud-services","/pages/cloud-services","False"
"Cloud Services","cloud-services","VPS Hosting","vps-hosting","Scalable VPS","scalable-vps","Scalable VPS","scalable-vps","/collections/scalable-vps","cloud-services","/pages/cloud-services","False"
"Cloud Services","cloud-services","VPS Hosting","vps-hosting","SSD VPS","ssd-vps","SSD VPS","ssd-vps","/collections/ssd-vps","cloud-services","/pages/cloud-services","False"
"Cloud Services","cloud-services","VPS Hosting","vps-hosting","Unmanaged VPS Hosting","unmanaged-vps-hosting","Unmanaged VPS Hosting","unmanaged-vps-hosting","/collections/unmanaged-vps-hosting","cloud-services","/pages/cloud-services","False"
"Cloud Services","cloud-services","VPS Hosting","vps-hosting","Windows VPS","windows-vps","Windows VPS","windows-vps","/collections/windows-vps","cloud-services","/pages/cloud-services","False"
"Cloud Services","cloud-services","WordPress Hosting","wordpress-hosting","Enterprise WordPress Hosting","enterprise-wordpress-hosting","Enterprise WordPress Hosting","enterprise-wordpress-hosting","/collections/enterprise-wordpress-hosting","cloud-services","/pages/cloud-services","False"
"Cloud Services","cloud-services","WordPress Hosting","wordpress-hosting","High Traffic WordPress Hosting","high-traffic-wordpress-hosting","High Traffic WordPress Hosting","high-traffic-wordpress-hosting","/collections/high-traffic-wordpress-hosting","cloud-services","/pages/cloud-services","False"
"Cloud Services","cloud-services","WordPress Hosting","wordpress-hosting","Managed WordPress Hosting","managed-wordpress-hosting","Managed WordPress Hosting","wordpress-hosting-managed-wordpress-hosting","/collections/wordpress-hosting-managed-wordpress-hosting","cloud-services","/pages/cloud-services","False"
"Cloud Services","cloud-services","WordPress Hosting","wordpress-hosting","WooCommerce Hosting","woocommerce-hosting","WooCommerce Hosting","wordpress-hosting-woocommerce-hosting","/collections/wordpress-hosting-woocommerce-hosting","cloud-services","/pages/cloud-services","False"
"Cloud Services","cloud-services","WordPress Hosting","wordpress-hosting","WordPress Multisite Hosting","wordpress-multisite-hosting","WordPress Multisite Hosting","wordpress-multisite-hosting","/collections/wordpress-multisite-hosting","cloud-services","/pages/cloud-services","False"
"Cloud Services","cloud-services","WordPress Hosting","wordpress-hosting","WordPress Staging Hosting","wordpress-staging-hosting","WordPress Staging Hosting","wordpress-staging-hosting","/collections/wordpress-staging-hosting","cloud-services","/pages/cloud-services","False"
"Cloud Services","cloud-services","WordPress Hosting","wordpress-hosting","WordPress VPS","wordpress-vps","WordPress VPS","wordpress-vps","/collections/wordpress-vps","cloud-services","/pages/cloud-services","False"
"Software","software","360 Degree Feedback Software","360-degree-feedback-software","360 Degree Feedback Software","360-degree-feedback-software","360 Degree Feedback Software","360-degree-feedback-software","/collections/360-degree-feedback-software","software","/pages/software","True"
"Software","software","3D Architecture Software","3d-architecture-software","3D Architecture Software","3d-architecture-software","3D Architecture Software","3d-architecture-software","/collections/3d-architecture-software","software","/pages/software","True"
"Software","software","3D CAD Software","3d-cad-software","3D CAD Software","3d-cad-software","3D CAD Software","3d-cad-software","/collections/3d-cad-software","software","/pages/software","True"
"Software","software","3D Rendering Software","3d-rendering-software","3D Rendering Software","3d-rendering-software","3D Rendering Software","3d-rendering-software","/collections/3d-rendering-software","software","/pages/software","True"
"Software","software","AB Testing Software","ab-testing-software","AB Testing Software","ab-testing-software","AB Testing Software","ab-testing-software","/collections/ab-testing-software","software","/pages/software","True"
"Software","software","Absence Management Software","absence-management-software","Absence Management Software","absence-management-software","Absence Management Software","absence-management-software","/collections/absence-management-software","software","/pages/software","True"
"Software","software","Access Governance Software","access-governance-software","Access Governance Software","access-governance-software","Access Governance Software","access-governance-software","/collections/access-governance-software","software","/pages/software","True"
"Software","software","Account Based Marketing Software","account-based-marketing-software","Account Based Marketing Software","account-based-marketing-software","Account Based Marketing Software","account-based-marketing-software","/collections/account-based-marketing-software","software","/pages/software","True"
"Software","software","Accounting Practice Management Software","accounting-practice-management-software","Accounting Practice Management Software","accounting-practice-management-software","Accounting Practice Management Software","accounting-practice-management-software","/collections/accounting-practice-management-software","software","/pages/software","True"
"Software","software","Accounting Software","accounting-software","Accounting Software","accounting-software","Accounting Software","accounting-software","/collections/accounting-software","software","/pages/software","True"
"Software","software","Accounts Payable Software","accounts-payable-software","Accounts Payable Software","accounts-payable-software","Accounts Payable Software","accounts-payable-software","/collections/accounts-payable-software","software","/pages/software","True"
"Software","software","Accounts Receivable Software","accounts-receivable-software","Accounts Receivable Software","accounts-receivable-software","Accounts Receivable Software","accounts-receivable-software","/collections/accounts-receivable-software","software","/pages/software","True"
"Software","software","Accreditation Management Software","accreditation-management-software","Accreditation Management Software","accreditation-management-software","Accreditation Management Software","accreditation-management-software","/collections/accreditation-management-software","software","/pages/software","True"
"Software","software","Ad Server Software","ad-server-software","Ad Server Software","ad-server-software","Ad Server Software","ad-server-software","/collections/ad-server-software","software","/pages/software","True"
"Software","software","Address Verification Software","address-verification-software","Address Verification Software","address-verification-software","Address Verification Software","address-verification-software","/collections/address-verification-software","software","/pages/software","True"
"Software","software","Admissions Software","admissions-software","Admissions Software","admissions-software","Admissions Software","admissions-software","/collections/admissions-software","software","/pages/software","True"
"Software","software","Advanced Planning & Scheduling (APS) Software","advanced-planning--scheduling-aps-software","Advanced Planning & Scheduling (APS) Software","advanced-planning--scheduling-aps-software","Advanced Planning & Scheduling (APS) Software","advanced-planning--scheduling-aps-software","/collections/advanced-planning--scheduling-aps-software","software","/pages/software","True"
"Software","software","Advertising Agency Software","advertising-agency-software","Advertising Agency Software","advertising-agency-software","Advertising Agency Software","advertising-agency-software","/collections/advertising-agency-software","software","/pages/software","True"
"Software","software","Advocacy Software","advocacy-software","Advocacy Software","advocacy-software","Advocacy Software","advocacy-software","/collections/advocacy-software","software","/pages/software","True"
"Software","software","Aerospace Manufacturing Software","aerospace-manufacturing-software","Aerospace Manufacturing Software","aerospace-manufacturing-software","Aerospace Manufacturing Software","aerospace-manufacturing-software","/collections/aerospace-manufacturing-software","software","/pages/software","True"
"Software","software","Affiliate Software","affiliate-software","Affiliate Software","affiliate-software","Affiliate Software","affiliate-software","/collections/affiliate-software","software","/pages/software","True"
"Software","software","Agile Project Management Software","agile-project-management-software","Agile Project Management Software","agile-project-management-software","Agile Project Management Software","agile-project-management-software","/collections/agile-project-management-software","software","/pages/software","True"
"Software","software","AI Code Generator Software","ai-code-generator-software","AI Code Generator Software","ai-code-generator-software","AI Code Generator Software","ai-code-generator-software","/collections/ai-code-generator-software","software","/pages/software","True"
"Software","software","AI Detection","ai-detection","AI Detection","ai-detection","AI Detection","ai-detection","/collections/ai-detection","software","/pages/software","True"
"Software","software","AI Image Generators Software","ai-image-generators-software","AI Image Generators Software","ai-image-generators-software","AI Image Generators Software","ai-image-generators-software","/collections/ai-image-generators-software","software","/pages/software","True"
"Software","software","AI Marketing Tools","ai-marketing-tools","AI Marketing Tools","ai-marketing-tools","AI Marketing Tools","ai-marketing-tools","/collections/ai-marketing-tools","software","/pages/software","True"
"Software","software","AI Sales Assistant Software","ai-sales-assistant-software","AI Sales Assistant Software","ai-sales-assistant-software","AI Sales Assistant Software","ai-sales-assistant-software","/collections/ai-sales-assistant-software","software","/pages/software","True"
"Software","software","AI Video Generator Software","ai-video-generator-software","AI Video Generator Software","ai-video-generator-software","AI Video Generator Software","ai-video-generator-software","/collections/ai-video-generator-software","software","/pages/software","True"
"Software","software","AI Writing Assistant Software","ai-writing-assistant-software","AI Writing Assistant Software","ai-writing-assistant-software","AI Writing Assistant Software","ai-writing-assistant-software","/collections/ai-writing-assistant-software","software","/pages/software","True"
"Software","software","AIOps Tools","aiops-tools","AIOps Tools","aiops-tools","AIOps Tools","aiops-tools","/collections/aiops-tools","software","/pages/software","True"
"Software","software","Airline Reservation System","airline-reservation-system","Airline Reservation System","airline-reservation-system","Airline Reservation System","airline-reservation-system","/collections/airline-reservation-system","software","/pages/software","True"
"Software","software","All-in-One Marketing Platform","all-in-one-marketing-platform","All-in-One Marketing Platform","all-in-one-marketing-platform","All-in-One Marketing Platform","all-in-one-marketing-platform","/collections/all-in-one-marketing-platform","software","/pages/software","True"
"Software","software","Alumni Management Software","alumni-management-software","Alumni Management Software","alumni-management-software","Alumni Management Software","alumni-management-software","/collections/alumni-management-software","software","/pages/software","True"
"Software","software","Android Kiosk Software","android-kiosk-software","Android Kiosk Software","android-kiosk-software","Android Kiosk Software","android-kiosk-software","/collections/android-kiosk-software","software","/pages/software","True"
"Software","software","Animal Shelter Software","animal-shelter-software","Animal Shelter Software","animal-shelter-software","Animal Shelter Software","animal-shelter-software","/collections/animal-shelter-software","software","/pages/software","True"
"Software","software","Animation Software","animation-software","Animation Software","animation-software","Animation Software","animation-software","/collections/animation-software","software","/pages/software","True"
"Software","software","Anti Money Laundering Software","anti-money-laundering-software","Anti Money Laundering Software","anti-money-laundering-software","Anti Money Laundering Software","anti-money-laundering-software","/collections/anti-money-laundering-software","software","/pages/software","True"
"Software","software","Anti-spam Software","anti-spam-software","Anti-spam Software","anti-spam-software","Anti-spam Software","anti-spam-software","/collections/anti-spam-software","software","/pages/software","True"
"Software","software","Antivirus Software","antivirus-software","Antivirus Software","antivirus-software","Antivirus Software","antivirus-software","/collections/antivirus-software","software","/pages/software","True"
"Software","software","Apartment Management Systems","apartment-management-systems","Apartment Management Systems","apartment-management-systems","Apartment Management Systems","apartment-management-systems","/collections/apartment-management-systems","software","/pages/software","True"
"Software","software","API Management Software","api-management-software","API Management Software","api-management-software","API Management Software","api-management-software","/collections/api-management-software","software","/pages/software","True"
"Software","software","App Building Software","app-building-software","App Building Software","app-building-software","App Building Software","app-building-software","/collections/app-building-software","software","/pages/software","True"
"Software","software","App Design Software","app-design-software","App Design Software","app-design-software","App Design Software","app-design-software","/collections/app-design-software","software","/pages/software","True"
"Software","software","App Development Software","app-development-software","App Development Software","app-development-software","App Development Software","app-development-software","/collections/app-development-software","software","/pages/software","True"
"Software","software","App Store Optimization (ASO) Tools","app-store-optimization-aso-tools","App Store Optimization (ASO) Tools","app-store-optimization-aso-tools","App Store Optimization (ASO) Tools","app-store-optimization-aso-tools","/collections/app-store-optimization-aso-tools","software","/pages/software","True"
"Software","software","Apparel Management Software","apparel-management-software","Apparel Management Software","apparel-management-software","Apparel Management Software","apparel-management-software","/collections/apparel-management-software","software","/pages/software","True"
"Software","software","Applicant Tracking Software","applicant-tracking-software","Applicant Tracking Software","applicant-tracking-software","Applicant Tracking Software","applicant-tracking-software","/collections/applicant-tracking-software","software","/pages/software","True"
"Software","software","Application Lifecycle Management Software","application-lifecycle-management-software","Application Lifecycle Management Software","application-lifecycle-management-software","Application Lifecycle Management Software","application-lifecycle-management-software","/collections/application-lifecycle-management-software","software","/pages/software","True"
"Software","software","Application Performance Management Software","application-performance-management-software","Application Performance Management Software","application-performance-management-software","Application Performance Management Software","application-performance-management-software","/collections/application-performance-management-software","software","/pages/software","True"
"Software","software","Applied Behavior Analysis (ABA) Software","applied-behavior-analysis-aba-software","Applied Behavior Analysis (ABA) Software","applied-behavior-analysis-aba-software","Applied Behavior Analysis (ABA) Software","applied-behavior-analysis-aba-software","/collections/applied-behavior-analysis-aba-software","software","/pages/software","True"
"Software","software","Appointment Reminder Software","appointment-reminder-software","Appointment Reminder Software","appointment-reminder-software","Appointment Reminder Software","appointment-reminder-software","/collections/appointment-reminder-software","software","/pages/software","True"
"Software","software","Appointment Scheduling Software","appointment-scheduling-software","Appointment Scheduling Software","appointment-scheduling-software","Appointment Scheduling Software","appointment-scheduling-software","/collections/appointment-scheduling-software","software","/pages/software","True"
"Software","software","Arborist Software","arborist-software","Arborist Software","arborist-software","Arborist Software","arborist-software","/collections/arborist-software","software","/pages/software","True"
"Software","software","Architectural CAD Software","architectural-cad-software","Architectural CAD Software","architectural-cad-software","Architectural CAD Software","architectural-cad-software","/collections/architectural-cad-software","software","/pages/software","True"
"Software","software","Architecture Software","architecture-software","Architecture Software","architecture-software","Architecture Software","architecture-software","/collections/architecture-software","software","/pages/software","True"
"Software","software","Archiving Software","archiving-software","Archiving Software","archiving-software","Archiving Software","archiving-software","/collections/archiving-software","software","/pages/software","True"
"Software","software","Art Gallery Software","art-gallery-software","Art Gallery Software","art-gallery-software","Art Gallery Software","art-gallery-software","/collections/art-gallery-software","software","/pages/software","True"
"Software","software","Artificial Intelligence Software","artificial-intelligence-software","Artificial Intelligence Software","artificial-intelligence-software","Artificial Intelligence Software","artificial-intelligence-software","/collections/artificial-intelligence-software","software","/pages/software","True"
"Software","software","Assessment Software","assessment-software","Assessment Software","assessment-software","Assessment Software","assessment-software","/collections/assessment-software","software","/pages/software","True"
"Software","software","Asset Tracking Software","asset-tracking-software","Asset Tracking Software","asset-tracking-software","Asset Tracking Software","asset-tracking-software","/collections/asset-tracking-software","software","/pages/software","True"
"Software","software","Assisted Living Software","assisted-living-software","Assisted Living Software","assisted-living-software","Assisted Living Software","assisted-living-software","/collections/assisted-living-software","software","/pages/software","True"
"Software","software","Association Management Software","association-management-software","Association Management Software","association-management-software","Association Management Software","association-management-software","/collections/association-management-software","software","/pages/software","True"
"Software","software","Attendance Tracking Software","attendance-tracking-software","Attendance Tracking Software","attendance-tracking-software","Attendance Tracking Software","attendance-tracking-software","/collections/attendance-tracking-software","software","/pages/software","True"
"Software","software","Auction Software","auction-software","Auction Software","auction-software","Auction Software","auction-software","/collections/auction-software","software","/pages/software","True"
"Software","software","Audience Response Software","audience-response-software","Audience Response Software","audience-response-software","Audience Response Software","audience-response-software","/collections/audience-response-software","software","/pages/software","True"
"Software","software","Audio Conferencing Software","audio-conferencing-software","Audio Conferencing Software","audio-conferencing-software","Audio Conferencing Software","audio-conferencing-software","/collections/audio-conferencing-software","software","/pages/software","True"
"Software","software","Audio Editing Software","audio-editing-software","Audio Editing Software","audio-editing-software","Audio Editing Software","audio-editing-software","/collections/audio-editing-software","software","/pages/software","True"
"Software","software","Audit Software","audit-software","Audit Software","audit-software","Audit Software","audit-software","/collections/audit-software","software","/pages/software","True"
"Software","software","Augmented Reality Software","augmented-reality-software","Augmented Reality Software","augmented-reality-software","Augmented Reality Software","augmented-reality-software","/collections/augmented-reality-software","software","/pages/software","True"
"Software","software","Authentication Software","authentication-software","Authentication Software","authentication-software","Authentication Software","authentication-software","/collections/authentication-software","software","/pages/software","True"
"Software","software","Auto Body Software","auto-body-software","Auto Body Software","auto-body-software","Auto Body Software","auto-body-software","/collections/auto-body-software","software","/pages/software","True"
"Software","software","Auto Dealer Accounting Software","auto-dealer-accounting-software","Auto Dealer Accounting Software","auto-dealer-accounting-software","Auto Dealer Accounting Software","auto-dealer-accounting-software","/collections/auto-dealer-accounting-software","software","/pages/software","True"
"Software","software","Auto Dealer Software","auto-dealer-software","Auto Dealer Software","auto-dealer-software","Auto Dealer Software","auto-dealer-software","/collections/auto-dealer-software","software","/pages/software","True"
"Software","software","Auto Dialer Software","auto-dialer-software","Auto Dialer Software","auto-dialer-software","Auto Dialer Software","auto-dialer-software","/collections/auto-dialer-software","software","/pages/software","True"
"Software","software","Auto Repair Management Software","auto-repair-management-software","Auto Repair Management Software","auto-repair-management-software","Auto Repair Management Software","auto-repair-management-software","/collections/auto-repair-management-software","software","/pages/software","True"
"Software","software","Automated Testing Software","automated-testing-software","Automated Testing Software","automated-testing-software","Automated Testing Software","automated-testing-software","/collections/automated-testing-software","software","/pages/software","True"
"Software","software","Aviation Maintenance Software","aviation-maintenance-software","Aviation Maintenance Software","aviation-maintenance-software","Aviation Maintenance Software","aviation-maintenance-software","/collections/aviation-maintenance-software","software","/pages/software","True"
"Software","software","B2B eCommerce Platform","b2b-ecommerce-platform","B2B eCommerce Platform","b2b-ecommerce-platform","B2B eCommerce Platform","b2b-ecommerce-platform","/collections/b2b-ecommerce-platform","software","/pages/software","True"
"Software","software","Background Check Software","background-check-software","Background Check Software","background-check-software","Background Check Software","background-check-software","/collections/background-check-software","software","/pages/software","True"
"Software","software","Backup Software","backup-software","Backup Software","backup-software","Backup Software","backup-software","/collections/backup-software","software","/pages/software","True"
"Software","software","Bakery Software","bakery-software","Bakery Software","bakery-software","Bakery Software","bakery-software","/collections/bakery-software","software","/pages/software","True"
"Software","software","Banking Software","banking-software","Banking Software","banking-software","Banking Software","banking-software","/collections/banking-software","software","/pages/software","True"
"Software","software","Bankruptcy Software","bankruptcy-software","Bankruptcy Software","bankruptcy-software","Bankruptcy Software","bankruptcy-software","/collections/bankruptcy-software","software","/pages/software","True"
"Software","software","Bar POS Software","bar-pos-software","Bar POS Software","bar-pos-software","Bar POS Software","bar-pos-software","/collections/bar-pos-software","software","/pages/software","True"
"Software","software","Barbershop Software","barbershop-software","Barbershop Software","barbershop-software","Barbershop Software","barbershop-software","/collections/barbershop-software","software","/pages/software","True"
"Software","software","Barcoding Software","barcoding-software","Barcoding Software","barcoding-software","Barcoding Software","barcoding-software","/collections/barcoding-software","software","/pages/software","True"
"Software","software","Benefits Administration Software","benefits-administration-software","Benefits Administration Software","benefits-administration-software","Benefits Administration Software","benefits-administration-software","/collections/benefits-administration-software","software","/pages/software","True"
"Software","software","Big Data Software","big-data-software","Big Data Software","big-data-software","Big Data Software","big-data-software","/collections/big-data-software","software","/pages/software","True"
"Software","software","Bill of Materials (BOM) Software","bill-of-materials-bom-software","Bill of Materials (BOM) Software","bill-of-materials-bom-software","Bill of Materials (BOM) Software","bill-of-materials-bom-software","/collections/bill-of-materials-bom-software","software","/pages/software","True"
"Software","software","Billing and Invoicing Software","billing-and-invoicing-software","Billing and Invoicing Software","billing-and-invoicing-software","Billing and Invoicing Software","billing-and-invoicing-software","/collections/billing-and-invoicing-software","software","/pages/software","True"
"Software","software","Billing and Provisioning Software","billing-and-provisioning-software","Billing and Provisioning Software","billing-and-provisioning-software","Billing and Provisioning Software","billing-and-provisioning-software","/collections/billing-and-provisioning-software","software","/pages/software","True"
"Software","software","Blockchain Platforms","blockchain-platforms","Blockchain Platforms","blockchain-platforms","Blockchain Platforms","blockchain-platforms","/collections/blockchain-platforms","software","/pages/software","True"
"Software","software","Blog Software","blog-software","Blog Software","blog-software","Blog Software","blog-software","/collections/blog-software","software","/pages/software","True"
"Software","software","Bookkeeper Software","bookkeeper-software","Bookkeeper Software","bookkeeper-software","Bookkeeper Software","bookkeeper-software","/collections/bookkeeper-software","software","/pages/software","True"
"Software","software","Bot Detection and Mitigation Software","bot-detection-and-mitigation-software","Bot Detection and Mitigation Software","bot-detection-and-mitigation-software","Bot Detection and Mitigation Software","bot-detection-and-mitigation-software","/collections/bot-detection-and-mitigation-software","software","/pages/software","True"
"Software","software","Brand Management Tool","brand-management-tool","Brand Management Tool","brand-management-tool","Brand Management Tool","brand-management-tool","/collections/brand-management-tool","software","/pages/software","True"
"Software","software","Brand Protection Software","brand-protection-software","Brand Protection Software","brand-protection-software","Brand Protection Software","brand-protection-software","/collections/brand-protection-software","software","/pages/software","True"
"Software","software","Brewery Software","brewery-software","Brewery Software","brewery-software","Brewery Software","brewery-software","/collections/brewery-software","software","/pages/software","True"
"Software","software","Brokerage Management Software","brokerage-management-software","Brokerage Management Software","brokerage-management-software","Brokerage Management Software","brokerage-management-software","/collections/brokerage-management-software","software","/pages/software","True"
"Software","software","Browser Software","browser-software","Browser Software","browser-software","Browser Software","browser-software","/collections/browser-software","software","/pages/software","True"
"Software","software","Budgeting Software","budgeting-software","Budgeting Software","budgeting-software","Budgeting Software","budgeting-software","/collections/budgeting-software","software","/pages/software","True"
"Software","software","Bug Tracking Software","bug-tracking-software","Bug Tracking Software","bug-tracking-software","Bug Tracking Software","bug-tracking-software","/collections/bug-tracking-software","software","/pages/software","True"
"Software","software","Building Design and Building Information Modeling (BIM) Software","building-design-and-building-information-modeling-bim-software","Building Design and Building Information Modeling (BIM) Software","building-design-and-building-information-modeling-bim-software","Building Design and Building Information Modeling (BIM) Software","building-design-and-building-information-modeling-bim-software","/collections/building-design-and-building-information-modeling-bim-software","software","/pages/software","True"
"Software","software","Building Maintenance Software","building-maintenance-software","Building Maintenance Software","building-maintenance-software","Building Maintenance Software","building-maintenance-software","/collections/building-maintenance-software","software","/pages/software","True"
"Software","software","Business Card Software","business-card-software","Business Card Software","business-card-software","Business Card Software","business-card-software","/collections/business-card-software","software","/pages/software","True"
"Software","software","Business Continuity Software","business-continuity-software","Business Continuity Software","business-continuity-software","Business Continuity Software","business-continuity-software","/collections/business-continuity-software","software","/pages/software","True"
"Software","software","Business Intelligence Software","business-intelligence-software","Business Intelligence Software","business-intelligence-software","Business Intelligence Software","business-intelligence-software","/collections/business-intelligence-software","software","/pages/software","True"
"Software","software","Business Management Software","business-management-software","Business Management Software","business-management-software","Business Management Software","business-management-software","/collections/business-management-software","software","/pages/software","True"
"Software","software","Business Performance Management Software","business-performance-management-software","Business Performance Management Software","business-performance-management-software","Business Performance Management Software","business-performance-management-software","/collections/business-performance-management-software","software","/pages/software","True"
"Software","software","Business Phone Systems Software","business-phone-systems-software","Business Phone Systems Software","business-phone-systems-software","Business Phone Systems Software","business-phone-systems-software","/collections/business-phone-systems-software","software","/pages/software","True"
"Software","software","Business Plan Software","business-plan-software","Business Plan Software","business-plan-software","Business Plan Software","business-plan-software","/collections/business-plan-software","software","/pages/software","True"
"Software","software","Business Process Management Software","business-process-management-software","Business Process Management Software","business-process-management-software","Business Process Management Software","business-process-management-software","/collections/business-process-management-software","software","/pages/software","True"
"Software","software","Buyer Intent Data Tools","buyer-intent-data-tools","Buyer Intent Data Tools","buyer-intent-data-tools","Buyer Intent Data Tools","buyer-intent-data-tools","/collections/buyer-intent-data-tools","software","/pages/software","True"
"Software","software","Calendar Software","calendar-software","Calendar Software","calendar-software","Calendar Software","calendar-software","/collections/calendar-software","software","/pages/software","True"
"Software","software","Calibration Management Software","calibration-management-software","Calibration Management Software","calibration-management-software","Calibration Management Software","calibration-management-software","/collections/calibration-management-software","software","/pages/software","True"
"Software","software","Call Accounting Software","call-accounting-software","Call Accounting Software","call-accounting-software","Call Accounting Software","call-accounting-software","/collections/call-accounting-software","software","/pages/software","True"
"Software","software","Call Center Software","call-center-software","Call Center Software","call-center-software","Call Center Software","call-center-software","/collections/call-center-software","software","/pages/software","True"
"Software","software","Call Center Workforce Management Software","call-center-workforce-management-software","Call Center Workforce Management Software","call-center-workforce-management-software","Call Center Workforce Management Software","call-center-workforce-management-software","/collections/call-center-workforce-management-software","software","/pages/software","True"
"Software","software","Call Recording Software","call-recording-software","Call Recording Software","call-recording-software","Call Recording Software","call-recording-software","/collections/call-recording-software","software","/pages/software","True"
"Software","software","Call Tracking Software","call-tracking-software","Call Tracking Software","call-tracking-software","Call Tracking Software","call-tracking-software","/collections/call-tracking-software","software","/pages/software","True"
"Software","software","Camp Management Software","camp-management-software","Camp Management Software","camp-management-software","Camp Management Software","camp-management-software","/collections/camp-management-software","software","/pages/software","True"
"Software","software","Campaign Management Software","campaign-management-software","Campaign Management Software","campaign-management-software","Campaign Management Software","campaign-management-software","/collections/campaign-management-software","software","/pages/software","True"
"Software","software","Campground Management Software","campground-management-software","Campground Management Software","campground-management-software","Campground Management Software","campground-management-software","/collections/campground-management-software","software","/pages/software","True"
"Software","software","Capacity Planning Software","capacity-planning-software","Capacity Planning Software","capacity-planning-software","Capacity Planning Software","capacity-planning-software","/collections/capacity-planning-software","software","/pages/software","True"
"Software","software","Car Rental Software","car-rental-software","Car Rental Software","car-rental-software","Car Rental Software","car-rental-software","/collections/car-rental-software","software","/pages/software","True"
"Software","software","Cardiology EMR Software","cardiology-emr-software","Cardiology EMR Software","cardiology-emr-software","Cardiology EMR Software","cardiology-emr-software","/collections/cardiology-emr-software","software","/pages/software","True"
"Software","software","Career Management Software","career-management-software","Career Management Software","career-management-software","Career Management Software","career-management-software","/collections/career-management-software","software","/pages/software","True"
"Software","software","Carpet Cleaning Software","carpet-cleaning-software","Carpet Cleaning Software","carpet-cleaning-software","Carpet Cleaning Software","carpet-cleaning-software","/collections/carpet-cleaning-software","software","/pages/software","True"
"Software","software","Catalog Management Software","catalog-management-software","Catalog Management Software","catalog-management-software","Catalog Management Software","catalog-management-software","/collections/catalog-management-software","software","/pages/software","True"
"Software","software","Catering Software","catering-software","Catering Software","catering-software","Catering Software","catering-software","/collections/catering-software","software","/pages/software","True"
"Software","software","Cemetery Software","cemetery-software","Cemetery Software","cemetery-software","Cemetery Software","cemetery-software","/collections/cemetery-software","software","/pages/software","True"
"Software","software","Certification Tracking Software","certification-tracking-software","Certification Tracking Software","certification-tracking-software","Certification Tracking Software","certification-tracking-software","/collections/certification-tracking-software","software","/pages/software","True"
"Software","software","Change Management Software","change-management-software","Change Management Software","change-management-software","Change Management Software","change-management-software","/collections/change-management-software","software","/pages/software","True"
"Software","software","Channel Management Software","channel-management-software","Channel Management Software","channel-management-software","Channel Management Software","channel-management-software","/collections/channel-management-software","software","/pages/software","True"
"Software","software","Chargeback Management Software","chargeback-management-software","Chargeback Management Software","chargeback-management-software","Chargeback Management Software","chargeback-management-software","/collections/chargeback-management-software","software","/pages/software","True"
"Software","software","Chatbot Software","chatbot-software","Chatbot Software","chatbot-software","Chatbot Software","chatbot-software","/collections/chatbot-software","software","/pages/software","True"
"Software","software","Chemical Manufacturing Software","chemical-manufacturing-software","Chemical Manufacturing Software","chemical-manufacturing-software","Chemical Manufacturing Software","chemical-manufacturing-software","/collections/chemical-manufacturing-software","software","/pages/software","True"
"Software","software","Chemical Software","chemical-software","Chemical Software","chemical-software","Chemical Software","chemical-software","/collections/chemical-software","software","/pages/software","True"
"Software","software","Chiropractic Software","chiropractic-software","Chiropractic Software","chiropractic-software","Chiropractic Software","chiropractic-software","/collections/chiropractic-software","software","/pages/software","True"
"Software","software","Church Accounting Software","church-accounting-software","Church Accounting Software","church-accounting-software","Church Accounting Software","church-accounting-software","/collections/church-accounting-software","software","/pages/software","True"
"Software","software","Church Management Software","church-management-software","Church Management Software","church-management-software","Church Management Software","church-management-software","/collections/church-management-software","software","/pages/software","True"
"Software","software","Church Presentation Software","church-presentation-software","Church Presentation Software","church-presentation-software","Church Presentation Software","church-presentation-software","/collections/church-presentation-software","software","/pages/software","True"
"Software","software","Claims Processing Software","claims-processing-software","Claims Processing Software","claims-processing-software","Claims Processing Software","claims-processing-software","/collections/claims-processing-software","software","/pages/software","True"
"Software","software","Class Registration Software","class-registration-software","Class Registration Software","class-registration-software","Class Registration Software","class-registration-software","/collections/class-registration-software","software","/pages/software","True"
"Software","software","Classroom Management Software","classroom-management-software","Classroom Management Software","classroom-management-software","Classroom Management Software","classroom-management-software","/collections/classroom-management-software","software","/pages/software","True"
"Software","software","Click Fraud Software","click-fraud-software","Click Fraud Software","click-fraud-software","Click Fraud Software","click-fraud-software","/collections/click-fraud-software","software","/pages/software","True"
"Software","software","Client Onboarding Software","client-onboarding-software","Client Onboarding Software","client-onboarding-software","Client Onboarding Software","client-onboarding-software","/collections/client-onboarding-software","software","/pages/software","True"
"Software","software","Clinical Trial Management Software","clinical-trial-management-software","Clinical Trial Management Software","clinical-trial-management-software","Clinical Trial Management Software","clinical-trial-management-software","/collections/clinical-trial-management-software","software","/pages/software","True"
"Software","software","Closed Captioning Software","closed-captioning-software","Closed Captioning Software","closed-captioning-software","Closed Captioning Software","closed-captioning-software","/collections/closed-captioning-software","software","/pages/software","True"
"Software","software","Cloud Communication Platform","cloud-communication-platform","Cloud Communication Platform","cloud-communication-platform","Cloud Communication Platform","cloud-communication-platform","/collections/cloud-communication-platform","software","/pages/software","True"
"Software","software","Cloud Management Tools","cloud-management-tools","Cloud Management Tools","cloud-management-tools","Cloud Management Tools","cloud-management-tools","/collections/cloud-management-tools","software","/pages/software","True"
"Software","software","Cloud PBX Software","cloud-pbx-software","Cloud PBX Software","cloud-pbx-software","Cloud PBX Software","cloud-pbx-software","/collections/cloud-pbx-software","software","/pages/software","True"
"Software","software","Cloud Platform as a Service (PaaS) Software","cloud-platform-as-a-service-paas-software","Cloud Platform as a Service (PaaS) Software","cloud-platform-as-a-service-paas-software","Cloud Platform as a Service (PaaS) Software","cloud-platform-as-a-service-paas-software","/collections/cloud-platform-as-a-service-paas-software","software","/pages/software","True"
"Software","software","Cloud Security Software","cloud-security-software","Cloud Security Software","cloud-security-software","Cloud Security Software","cloud-security-software","/collections/cloud-security-software","software","/pages/software","True"
"Software","software","Cloud Storage Software","cloud-storage-software","Cloud Storage Software","cloud-storage-software","Cloud Storage Software","cloud-storage-software","/collections/cloud-storage-software","software","/pages/software","True"
"Software","software","Club Management Software","club-management-software","Club Management Software","club-management-software","Club Management Software","club-management-software","/collections/club-management-software","software","/pages/software","True"
"Software","software","CMDB Software","cmdb-software","CMDB Software","cmdb-software","CMDB Software","cmdb-software","/collections/cmdb-software","software","/pages/software","True"
"Software","software","CMMS Software","cmms-software","CMMS Software","cmms-software","CMMS Software","cmms-software","/collections/cmms-software","software","/pages/software","True"
"Software","software","Coaching Software","coaching-software","Coaching Software","coaching-software","Coaching Software","coaching-software","/collections/coaching-software","software","/pages/software","True"
"Software","software","Code Enforcement Software","code-enforcement-software","Code Enforcement Software","code-enforcement-software","Code Enforcement Software","code-enforcement-software","/collections/code-enforcement-software","software","/pages/software","True"
"Software","software","Collaboration Software","collaboration-software","Collaboration Software","collaboration-software","Collaboration Software","collaboration-software","/collections/collaboration-software","software","/pages/software","True"
"Software","software","Commercial Insurance Software","commercial-insurance-software","Commercial Insurance Software","commercial-insurance-software","Commercial Insurance Software","commercial-insurance-software","/collections/commercial-insurance-software","software","/pages/software","True"
"Software","software","Commercial Loan Software","commercial-loan-software","Commercial Loan Software","commercial-loan-software","Commercial Loan Software","commercial-loan-software","/collections/commercial-loan-software","software","/pages/software","True"
"Software","software","Commercial Property Management Software","commercial-property-management-software","Commercial Property Management Software","commercial-property-management-software","Commercial Property Management Software","commercial-property-management-software","/collections/commercial-property-management-software","software","/pages/software","True"
"Software","software","Commercial Real Estate Software","commercial-real-estate-software","Commercial Real Estate Software","commercial-real-estate-software","Commercial Real Estate Software","commercial-real-estate-software","/collections/commercial-real-estate-software","software","/pages/software","True"
"Software","software","Commission Software","commission-software","Commission Software","commission-software","Commission Software","commission-software","/collections/commission-software","software","/pages/software","True"
"Software","software","Commodity/Energy Trading Transaction and Risk Management (CTRM/ETRM) Software","commodityenergy-trading-transaction-and-risk-management-ctrmetrm-software","Commodity/Energy Trading Transaction and Risk Management (CTRM/ETRM) Software","commodityenergy-trading-transaction-and-risk-management-ctrmetrm-software","Commodity/Energy Trading Transaction and Risk Management (CTRM/ETRM) Software","commodityenergy-trading-transaction-and-risk-management-ctrmetrm-software","/collections/commodityenergy-trading-transaction-and-risk-management-ctrmetrm-software","software","/pages/software","True"
"Software","software","Community Software","community-software","Community Software","community-software","Community Software","community-software","/collections/community-software","software","/pages/software","True"
"Software","software","Company Secretarial Software","company-secretarial-software","Company Secretarial Software","company-secretarial-software","Company Secretarial Software","company-secretarial-software","/collections/company-secretarial-software","software","/pages/software","True"
"Software","software","Compensation Management Software","compensation-management-software","Compensation Management Software","compensation-management-software","Compensation Management Software","compensation-management-software","/collections/compensation-management-software","software","/pages/software","True"
"Software","software","Competitive Intelligence Software","competitive-intelligence-software","Competitive Intelligence Software","competitive-intelligence-software","Competitive Intelligence Software","competitive-intelligence-software","/collections/competitive-intelligence-software","software","/pages/software","True"
"Software","software","Competitor Price Monitoring Software","competitor-price-monitoring-software","Competitor Price Monitoring Software","competitor-price-monitoring-software","Competitor Price Monitoring Software","competitor-price-monitoring-software","/collections/competitor-price-monitoring-software","software","/pages/software","True"
"Software","software","Complaint Management Software","complaint-management-software","Complaint Management Software","complaint-management-software","Complaint Management Software","complaint-management-software","/collections/complaint-management-software","software","/pages/software","True"
"Software","software","Compliance Regulatory Software","compliance-regulatory-software","Compliance Regulatory Software","compliance-regulatory-software","Compliance Regulatory Software","compliance-regulatory-software","/collections/compliance-regulatory-software","software","/pages/software","True"
"Software","software","Computer Repair Shop Software","computer-repair-shop-software","Computer Repair Shop Software","computer-repair-shop-software","Computer Repair Shop Software","computer-repair-shop-software","/collections/computer-repair-shop-software","software","/pages/software","True"
"Software","software","Computer Security Software","computer-security-software","Computer Security Software","computer-security-software","Computer Security Software","computer-security-software","/collections/computer-security-software","software","/pages/software","True"
"Software","software","Conference Software","conference-software","Conference Software","conference-software","Conference Software","conference-software","/collections/conference-software","software","/pages/software","True"
"Software","software","Configuration Management Tools","configuration-management-tools","Configuration Management Tools","configuration-management-tools","Configuration Management Tools","configuration-management-tools","/collections/configuration-management-tools","software","/pages/software","True"
"Software","software","Conflict Checking Software","conflict-checking-software","Conflict Checking Software","conflict-checking-software","Conflict Checking Software","conflict-checking-software","/collections/conflict-checking-software","software","/pages/software","True"
"Software","software","Consignment Software","consignment-software","Consignment Software","consignment-software","Consignment Software","consignment-software","/collections/consignment-software","software","/pages/software","True"
"Software","software","Construction Accounting Software","construction-accounting-software","Construction Accounting Software","construction-accounting-software","Construction Accounting Software","construction-accounting-software","/collections/construction-accounting-software","software","/pages/software","True"
"Software","software","Construction Bid Management Software","construction-bid-management-software","Construction Bid Management Software","construction-bid-management-software","Construction Bid Management Software","construction-bid-management-software","/collections/construction-bid-management-software","software","/pages/software","True"
"Software","software","Construction CRM Software","construction-crm-software","Construction CRM Software","construction-crm-software","Construction CRM Software","construction-crm-software","/collections/construction-crm-software","software","/pages/software","True"
"Software","software","Construction Estimating Software","construction-estimating-software","Construction Estimating Software","construction-estimating-software","Construction Estimating Software","construction-estimating-software","/collections/construction-estimating-software","software","/pages/software","True"
"Software","software","Construction Management Software","construction-management-software","Construction Management Software","construction-management-software","Construction Management Software","construction-management-software","/collections/construction-management-software","software","/pages/software","True"
"Software","software","Construction Scheduling Software","construction-scheduling-software","Construction Scheduling Software","construction-scheduling-software","Construction Scheduling Software","construction-scheduling-software","/collections/construction-scheduling-software","software","/pages/software","True"
"Software","software","Contact Center Software","contact-center-software","Contact Center Software","contact-center-software","Contact Center Software","contact-center-software","/collections/contact-center-software","software","/pages/software","True"
"Software","software","Contact Management Software","contact-management-software","Contact Management Software","contact-management-software","Contact Management Software","contact-management-software","/collections/contact-management-software","software","/pages/software","True"
"Software","software","Container Security Software","container-security-software","Container Security Software","container-security-software","Container Security Software","container-security-software","/collections/container-security-software","software","/pages/software","True"
"Software","software","Content Delivery Network (CDN) Software","content-delivery-network-cdn-software","Content Delivery Network (CDN) Software","content-delivery-network-cdn-software","Content Delivery Network (CDN) Software","content-delivery-network-cdn-software","/collections/content-delivery-network-cdn-software","software","/pages/software","True"
"Software","software","Content Management System (CMS) Software","content-management-system-cms-software","Content Management System (CMS) Software","content-management-system-cms-software","Content Management System (CMS) Software","content-management-system-cms-software","/collections/content-management-system-cms-software","software","/pages/software","True"
"Software","software","Content Marketing Tools","content-marketing-tools","Content Marketing Tools","content-marketing-tools","Content Marketing Tools","content-marketing-tools","/collections/content-marketing-tools","software","/pages/software","True"
"Software","software","Contest Software","contest-software","Contest Software","contest-software","Contest Software","contest-software","/collections/contest-software","software","/pages/software","True"
"Software","software","Continuing Education Software","continuing-education-software","Continuing Education Software","continuing-education-software","Continuing Education Software","continuing-education-software","/collections/continuing-education-software","software","/pages/software","True"
"Software","software","Continuous Integration Software","continuous-integration-software","Continuous Integration Software","continuous-integration-software","Continuous Integration Software","continuous-integration-software","/collections/continuous-integration-software","software","/pages/software","True"
"Software","software","Contract Lifecycle Management (CLM) Software","contract-lifecycle-management-clm-software","Contract Lifecycle Management (CLM) Software","contract-lifecycle-management-clm-software","Contract Lifecycle Management (CLM) Software","contract-lifecycle-management-clm-software","/collections/contract-lifecycle-management-clm-software","software","/pages/software","True"
"Software","software","Contract Management Software","contract-management-software","Contract Management Software","contract-management-software","Contract Management Software","contract-management-software","/collections/contract-management-software","software","/pages/software","True"
"Software","software","Contractor Management Software","contractor-management-software","Contractor Management Software","contractor-management-software","Contractor Management Software","contractor-management-software","/collections/contractor-management-software","software","/pages/software","True"
"Software","software","Conversation Intelligence Software","conversation-intelligence-software","Conversation Intelligence Software","conversation-intelligence-software","Conversation Intelligence Software","conversation-intelligence-software","/collections/conversation-intelligence-software","software","/pages/software","True"
"Software","software","Conversational AI Platform","conversational-ai-platform","Conversational AI Platform","conversational-ai-platform","Conversational AI Platform","conversational-ai-platform","/collections/conversational-ai-platform","software","/pages/software","True"
"Software","software","Conversational Marketing Platform","conversational-marketing-platform","Conversational Marketing Platform","conversational-marketing-platform","Conversational Marketing Platform","conversational-marketing-platform","/collections/conversational-marketing-platform","software","/pages/software","True"
"Software","software","Corporate Tax Software","corporate-tax-software","Corporate Tax Software","corporate-tax-software","Corporate Tax Software","corporate-tax-software","/collections/corporate-tax-software","software","/pages/software","True"
"Software","software","Corporate Wellness Software","corporate-wellness-software","Corporate Wellness Software","corporate-wellness-software","Corporate Wellness Software","corporate-wellness-software","/collections/corporate-wellness-software","software","/pages/software","True"
"Software","software","Corrective and Preventive Action (CAPA) Software","corrective-and-preventive-action-capa-software","Corrective and Preventive Action (CAPA) Software","corrective-and-preventive-action-capa-software","Corrective and Preventive Action (CAPA) Software","corrective-and-preventive-action-capa-software","/collections/corrective-and-preventive-action-capa-software","software","/pages/software","True"
"Software","software","Course Authoring Software","course-authoring-software","Course Authoring Software","course-authoring-software","Course Authoring Software","course-authoring-software","/collections/course-authoring-software","software","/pages/software","True"
"Software","software","Court Management Software","court-management-software","Court Management Software","court-management-software","Court Management Software","court-management-software","/collections/court-management-software","software","/pages/software","True"
"Software","software","CPG Software","cpg-software","CPG Software","cpg-software","CPG Software","cpg-software","/collections/cpg-software","software","/pages/software","True"
"Software","software","CPQ Software","cpq-software","CPQ Software","cpq-software","CPQ Software","cpq-software","/collections/cpq-software","software","/pages/software","True"
"Software","software","Credentialing Software","credentialing-software","Credentialing Software","credentialing-software","Credentialing Software","credentialing-software","/collections/credentialing-software","software","/pages/software","True"
"Software","software","Credit Card Processing Software","credit-card-processing-software","Credit Card Processing Software","credit-card-processing-software","Credit Card Processing Software","credit-card-processing-software","/collections/credit-card-processing-software","software","/pages/software","True"
"Software","software","Credit Repair Software","credit-repair-software","Credit Repair Software","credit-repair-software","Credit Repair Software","credit-repair-software","/collections/credit-repair-software","software","/pages/software","True"
"Software","software","Credit Union Software","credit-union-software","Credit Union Software","credit-union-software","Credit Union Software","credit-union-software","/collections/credit-union-software","software","/pages/software","True"
"Software","software","CRM Analytics Software","crm-analytics-software","CRM Analytics Software","crm-analytics-software","CRM Analytics Software","crm-analytics-software","/collections/crm-analytics-software","software","/pages/software","True"
"Software","software","CRM Software","crm-software","CRM Software","crm-software","CRM Software","crm-software","/collections/crm-software","software","/pages/software","True"
"Software","software","Crowdfunding Software","crowdfunding-software","Crowdfunding Software","crowdfunding-software","Crowdfunding Software","crowdfunding-software","/collections/crowdfunding-software","software","/pages/software","True"
"Software","software","Crypto Tax Software","crypto-tax-software","Crypto Tax Software","crypto-tax-software","Crypto Tax Software","crypto-tax-software","/collections/crypto-tax-software","software","/pages/software","True"
"Software","software","Cryptocurrency Exchanges","cryptocurrency-exchanges","Cryptocurrency Exchanges","cryptocurrency-exchanges","Cryptocurrency Exchanges","cryptocurrency-exchanges","/collections/cryptocurrency-exchanges","software","/pages/software","True"
"Software","software","CSPM Tools","cspm-tools","CSPM Tools","cspm-tools","CSPM Tools","cspm-tools","/collections/cspm-tools","software","/pages/software","True"
"Software","software","Cultural Institutions Software","cultural-institutions-software","Cultural Institutions Software","cultural-institutions-software","Cultural Institutions Software","cultural-institutions-software","/collections/cultural-institutions-software","software","/pages/software","True"
"Software","software","Curbside Pickup Software","curbside-pickup-software","Curbside Pickup Software","curbside-pickup-software","Curbside Pickup Software","curbside-pickup-software","/collections/curbside-pickup-software","software","/pages/software","True"
"Software","software","Currency Exchange Software","currency-exchange-software","Currency Exchange Software","currency-exchange-software","Currency Exchange Software","currency-exchange-software","/collections/currency-exchange-software","software","/pages/software","True"
"Software","software","Customer Advocacy Software","customer-advocacy-software","Customer Advocacy Software","customer-advocacy-software","Customer Advocacy Software","customer-advocacy-software","/collections/customer-advocacy-software","software","/pages/software","True"
"Software","software","Customer Communications Management Software","customer-communications-management-software","Customer Communications Management Software","customer-communications-management-software","Customer Communications Management Software","customer-communications-management-software","/collections/customer-communications-management-software","software","/pages/software","True"
"Software","software","Customer Data Platforms","customer-data-platforms","Customer Data Platforms","customer-data-platforms","Customer Data Platforms","customer-data-platforms","/collections/customer-data-platforms","software","/pages/software","True"
"Software","software","Customer Engagement Software","customer-engagement-software","Customer Engagement Software","customer-engagement-software","Customer Engagement Software","customer-engagement-software","/collections/customer-engagement-software","software","/pages/software","True"
"Software","software","Customer Experience Software","customer-experience-software","Customer Experience Software","customer-experience-software","Customer Experience Software","customer-experience-software","/collections/customer-experience-software","software","/pages/software","True"
"Software","software","Customer Feedback Software","customer-feedback-software","Customer Feedback Software","customer-feedback-software","Customer Feedback Software","customer-feedback-software","/collections/customer-feedback-software","software","/pages/software","True"
"Software","software","Customer Identity and Access Management (CIAM) Software","customer-identity-and-access-management-ciam-software","Customer Identity and Access Management (CIAM) Software","customer-identity-and-access-management-ciam-software","Customer Identity and Access Management (CIAM) Software","customer-identity-and-access-management-ciam-software","/collections/customer-identity-and-access-management-ciam-software","software","/pages/software","True"
"Software","software","Customer Journey Mapping Tools","customer-journey-mapping-tools","Customer Journey Mapping Tools","customer-journey-mapping-tools","Customer Journey Mapping Tools","customer-journey-mapping-tools","/collections/customer-journey-mapping-tools","software","/pages/software","True"
"Software","software","Customer Loyalty Software","customer-loyalty-software","Customer Loyalty Software","customer-loyalty-software","Customer Loyalty Software","customer-loyalty-software","/collections/customer-loyalty-software","software","/pages/software","True"
"Software","software","Customer Reference Management Software","customer-reference-management-software","Customer Reference Management Software","customer-reference-management-software","Customer Reference Management Software","customer-reference-management-software","/collections/customer-reference-management-software","software","/pages/software","True"
"Software","software","Customer Relationship Management Software","customer-relationship-management-software","Customer Relationship Management Software","customer-relationship-management-software","Customer Relationship Management Software","customer-relationship-management-software","/collections/customer-relationship-management-software","software","/pages/software","True"
"Software","software","Customer Satisfaction Software","customer-satisfaction-software","Customer Satisfaction Software","customer-satisfaction-software","Customer Satisfaction Software","customer-satisfaction-software","/collections/customer-satisfaction-software","software","/pages/software","True"
"Software","software","Customer Service Software","customer-service-software","Customer Service Software","customer-service-software","Customer Service Software","customer-service-software","/collections/customer-service-software","software","/pages/software","True"
"Software","software","Customer Success Software","customer-success-software","Customer Success Software","customer-success-software","Customer Success Software","customer-success-software","/collections/customer-success-software","software","/pages/software","True"
"Software","software","Customer Support Software","customer-support-software","Customer Support Software","customer-support-software","Customer Support Software","customer-support-software","/collections/customer-support-software","software","/pages/software","True"
"Software","software","Cybersecurity Software","cybersecurity-software","Cybersecurity Software","cybersecurity-software","Cybersecurity Software","cybersecurity-software","/collections/cybersecurity-software","software","/pages/software","True"
"Software","software","Dance Studio Software","dance-studio-software","Dance Studio Software","dance-studio-software","Dance Studio Software","dance-studio-software","/collections/dance-studio-software","software","/pages/software","True"
"Software","software","Dashboard Software","dashboard-software","Dashboard Software","dashboard-software","Dashboard Software","dashboard-software","/collections/dashboard-software","software","/pages/software","True"
"Software","software","Data Analysis Tools","data-analysis-tools","Data Analysis Tools","data-analysis-tools","Data Analysis Tools","data-analysis-tools","/collections/data-analysis-tools","software","/pages/software","True"
"Software","software","Data Annotation Tools","data-annotation-tools","Data Annotation Tools","data-annotation-tools","Data Annotation Tools","data-annotation-tools","/collections/data-annotation-tools","software","/pages/software","True"
"Software","software","Data Center Management Software","data-center-management-software","Data Center Management Software","data-center-management-software","Data Center Management Software","data-center-management-software","/collections/data-center-management-software","software","/pages/software","True"
"Software","software","Data Cleansing Tools","data-cleansing-tools","Data Cleansing Tools","data-cleansing-tools","Data Cleansing Tools","data-cleansing-tools","/collections/data-cleansing-tools","software","/pages/software","True"
"Software","software","Data Discovery Software","data-discovery-software","Data Discovery Software","data-discovery-software","Data Discovery Software","data-discovery-software","/collections/data-discovery-software","software","/pages/software","True"
"Software","software","Data Entry Software","data-entry-software","Data Entry Software","data-entry-software","Data Entry Software","data-entry-software","/collections/data-entry-software","software","/pages/software","True"
"Software","software","Data Extraction Software","data-extraction-software","Data Extraction Software","data-extraction-software","Data Extraction Software","data-extraction-software","/collections/data-extraction-software","software","/pages/software","True"
"Software","software","Data Fabric Software","data-fabric-software","Data Fabric Software","data-fabric-software","Data Fabric Software","data-fabric-software","/collections/data-fabric-software","software","/pages/software","True"
"Software","software","Data Governance Tools","data-governance-tools","Data Governance Tools","data-governance-tools","Data Governance Tools","data-governance-tools","/collections/data-governance-tools","software","/pages/software","True"
"Software","software","Data Integration Tools","data-integration-tools","Data Integration Tools","data-integration-tools","Data Integration Tools","data-integration-tools","/collections/data-integration-tools","software","/pages/software","True"
"Software","software","Data Loss Prevention Software","data-loss-prevention-software","Data Loss Prevention Software","data-loss-prevention-software","Data Loss Prevention Software","data-loss-prevention-software","/collections/data-loss-prevention-software","software","/pages/software","True"
"Software","software","Data Management Software","data-management-software","Data Management Software","data-management-software","Data Management Software","data-management-software","/collections/data-management-software","software","/pages/software","True"
"Software","software","Data Mining Software","data-mining-software","Data Mining Software","data-mining-software","Data Mining Software","data-mining-software","/collections/data-mining-software","software","/pages/software","True"
"Software","software","Data Preparation Tools","data-preparation-tools","Data Preparation Tools","data-preparation-tools","Data Preparation Tools","data-preparation-tools","/collections/data-preparation-tools","software","/pages/software","True"
"Software","software","Data Quality Software","data-quality-software","Data Quality Software","data-quality-software","Data Quality Software","data-quality-software","/collections/data-quality-software","software","/pages/software","True"
"Software","software","Data Visualization Software","data-visualization-software","Data Visualization Software","data-visualization-software","Data Visualization Software","data-visualization-software","/collections/data-visualization-software","software","/pages/software","True"
"Software","software","Data Warehouse Software","data-warehouse-software","Data Warehouse Software","data-warehouse-software","Data Warehouse Software","data-warehouse-software","/collections/data-warehouse-software","software","/pages/software","True"
"Software","software","Database Monitoring Software","database-monitoring-software","Database Monitoring Software","database-monitoring-software","Database Monitoring Software","database-monitoring-software","/collections/database-monitoring-software","software","/pages/software","True"
"Software","software","Database Software","database-software","Database Software","database-software","Database Software","database-software","/collections/database-software","software","/pages/software","True"
"Software","software","DataSecurity Posture Management (DSPM) Tools","datasecurity-posture-management-dspm-tools","DataSecurity Posture Management (DSPM) Tools","datasecurity-posture-management-dspm-tools","DataSecurity Posture Management (DSPM) Tools","datasecurity-posture-management-dspm-tools","/collections/datasecurity-posture-management-dspm-tools","software","/pages/software","True"
"Software","software","Daycare Software","daycare-software","Daycare Software","daycare-software","Daycare Software","daycare-software","/collections/daycare-software","software","/pages/software","True"
"Software","software","Debt Collection Software","debt-collection-software","Debt Collection Software","debt-collection-software","Debt Collection Software","debt-collection-software","/collections/debt-collection-software","software","/pages/software","True"
"Software","software","Decision Support Software","decision-support-software","Decision Support Software","decision-support-software","Decision Support Software","decision-support-software","/collections/decision-support-software","software","/pages/software","True"
"Software","software","Deep Learning Software","deep-learning-software","Deep Learning Software","deep-learning-software","Deep Learning Software","deep-learning-software","/collections/deep-learning-software","software","/pages/software","True"
"Software","software","Delivery Management Software","delivery-management-software","Delivery Management Software","delivery-management-software","Delivery Management Software","delivery-management-software","/collections/delivery-management-software","software","/pages/software","True"
"Software","software","Demand Planning Software","demand-planning-software","Demand Planning Software","demand-planning-software","Demand Planning Software","demand-planning-software","/collections/demand-planning-software","software","/pages/software","True"
"Software","software","Dental Charting Software","dental-charting-software","Dental Charting Software","dental-charting-software","Dental Charting Software","dental-charting-software","/collections/dental-charting-software","software","/pages/software","True"
"Software","software","Dental Imaging Software","dental-imaging-software","Dental Imaging Software","dental-imaging-software","Dental Imaging Software","dental-imaging-software","/collections/dental-imaging-software","software","/pages/software","True"
"Software","software","Dental Practice Management Software","dental-practice-management-software","Dental Practice Management Software","dental-practice-management-software","Dental Practice Management Software","dental-practice-management-software","/collections/dental-practice-management-software","software","/pages/software","True"
"Software","software","Dental Software","dental-software","Dental Software","dental-software","Dental Software","dental-software","/collections/dental-software","software","/pages/software","True"
"Software","software","Dermatology Electronic Medical Records (EMR) Software","dermatology-electronic-medical-records-emr-software","Dermatology Electronic Medical Records (EMR) Software","dermatology-electronic-medical-records-emr-software","Dermatology Electronic Medical Records (EMR) Software","dermatology-electronic-medical-records-emr-software","/collections/dermatology-electronic-medical-records-emr-software","software","/pages/software","True"
"Software","software","DevOps Software","devops-software","DevOps Software","devops-software","DevOps Software","devops-software","/collections/devops-software","software","/pages/software","True"
"Software","software","Diagram Software","diagram-software","Diagram Software","diagram-software","Diagram Software","diagram-software","/collections/diagram-software","software","/pages/software","True"
"Software","software","Digital Adoption Platform Software","digital-adoption-platform-software","Digital Adoption Platform Software","digital-adoption-platform-software","Digital Adoption Platform Software","digital-adoption-platform-software","/collections/digital-adoption-platform-software","software","/pages/software","True"
"Software","software","Digital Asset Management Software","digital-asset-management-software","Digital Asset Management Software","digital-asset-management-software","Digital Asset Management Software","digital-asset-management-software","/collections/digital-asset-management-software","software","/pages/software","True"
"Software","software","Digital Banking Platforms","digital-banking-platforms","Digital Banking Platforms","digital-banking-platforms","Digital Banking Platforms","digital-banking-platforms","/collections/digital-banking-platforms","software","/pages/software","True"
"Software","software","Digital Experience Platform (DXP)","digital-experience-platform-dxp","Digital Experience Platform (DXP)","digital-experience-platform-dxp","Digital Experience Platform (DXP)","digital-experience-platform-dxp","/collections/digital-experience-platform-dxp","software","/pages/software","True"
"Software","software","Digital Forensics Software","digital-forensics-software","Digital Forensics Software","digital-forensics-software","Digital Forensics Software","digital-forensics-software","/collections/digital-forensics-software","software","/pages/software","True"
"Software","software","Digital Menu Board Software","digital-menu-board-software","Digital Menu Board Software","digital-menu-board-software","Digital Menu Board Software","digital-menu-board-software","/collections/digital-menu-board-software","software","/pages/software","True"
"Software","software","Digital Rights Management Software","digital-rights-management-software","Digital Rights Management Software","digital-rights-management-software","Digital Rights Management Software","digital-rights-management-software","/collections/digital-rights-management-software","software","/pages/software","True"
"Software","software","Digital Signage Software","digital-signage-software","Digital Signage Software","digital-signage-software","Digital Signage Software","digital-signage-software","/collections/digital-signage-software","software","/pages/software","True"
"Software","software","Digital Signature Software","digital-signature-software","Digital Signature Software","digital-signature-software","Digital Signature Software","digital-signature-software","/collections/digital-signature-software","software","/pages/software","True"
"Software","software","Digital Workplace Software","digital-workplace-software","Digital Workplace Software","digital-workplace-software","Digital Workplace Software","digital-workplace-software","/collections/digital-workplace-software","software","/pages/software","True"
"Software","software","Direct Mail Automation Software","direct-mail-automation-software","Direct Mail Automation Software","direct-mail-automation-software","Direct Mail Automation Software","direct-mail-automation-software","/collections/direct-mail-automation-software","software","/pages/software","True"
"Software","software","Directory Software","directory-software","Directory Software","directory-software","Directory Software","directory-software","/collections/directory-software","software","/pages/software","True"
"Software","software","Disaster Recovery Software","disaster-recovery-software","Disaster Recovery Software","disaster-recovery-software","Disaster Recovery Software","disaster-recovery-software","/collections/disaster-recovery-software","software","/pages/software","True"
"Software","software","Discount Software","discount-software","Discount Software","discount-software","Discount Software","discount-software","/collections/discount-software","software","/pages/software","True"
"Software","software","Dispatch Software","dispatch-software","Dispatch Software","dispatch-software","Dispatch Software","dispatch-software","/collections/dispatch-software","software","/pages/software","True"
"Software","software","Display Ad Software","display-ad-software","Display Ad Software","display-ad-software","Display Ad Software","display-ad-software","/collections/display-ad-software","software","/pages/software","True"
"Software","software","Distribution Software","distribution-software","Distribution Software","distribution-software","Distribution Software","distribution-software","/collections/distribution-software","software","/pages/software","True"
"Software","software","Distributor Software","distributor-software","Distributor Software","distributor-software","Distributor Software","distributor-software","/collections/distributor-software","software","/pages/software","True"
"Software","software","Diversity Recruiting Software","diversity-recruiting-software","Diversity Recruiting Software","diversity-recruiting-software","Diversity Recruiting Software","diversity-recruiting-software","/collections/diversity-recruiting-software","software","/pages/software","True"
"Software","software","Dock Scheduling Software","dock-scheduling-software","Dock Scheduling Software","dock-scheduling-software","Dock Scheduling Software","dock-scheduling-software","/collections/dock-scheduling-software","software","/pages/software","True"
"Software","software","Docketing Software","docketing-software","Docketing Software","docketing-software","Docketing Software","docketing-software","/collections/docketing-software","software","/pages/software","True"
"Software","software","Document Control Software","document-control-software","Document Control Software","document-control-software","Document Control Software","document-control-software","/collections/document-control-software","software","/pages/software","True"
"Software","software","Document Generation Software","document-generation-software","Document Generation Software","document-generation-software","Document Generation Software","document-generation-software","/collections/document-generation-software","software","/pages/software","True"
"Software","software","Document Management Software","document-management-software","Document Management Software","document-management-software","Document Management Software","document-management-software","/collections/document-management-software","software","/pages/software","True"
"Software","software","Document Version Control Software","document-version-control-software","Document Version Control Software","document-version-control-software","Document Version Control Software","document-version-control-software","/collections/document-version-control-software","software","/pages/software","True"
"Software","software","Donation Management Software","donation-management-software","Donation Management Software","donation-management-software","Donation Management Software","donation-management-software","/collections/donation-management-software","software","/pages/software","True"
"Software","software","Donor Management Software","donor-management-software","Donor Management Software","donor-management-software","Donor Management Software","donor-management-software","/collections/donor-management-software","software","/pages/software","True"
"Software","software","Drone Software","drone-software","Drone Software","drone-software","Drone Software","drone-software","/collections/drone-software","software","/pages/software","True"
"Software","software","Drop Shipping Software","drop-shipping-software","Drop Shipping Software","drop-shipping-software","Drop Shipping Software","drop-shipping-software","/collections/drop-shipping-software","software","/pages/software","True"
"Software","software","Drug Testing Software","drug-testing-software","Drug Testing Software","drug-testing-software","Drug Testing Software","drug-testing-software","/collections/drug-testing-software","software","/pages/software","True"
"Software","software","Dry Cleaning Software","dry-cleaning-software","Dry Cleaning Software","dry-cleaning-software","Dry Cleaning Software","dry-cleaning-software","/collections/dry-cleaning-software","software","/pages/software","True"
"Software","software","Due Diligence Software","due-diligence-software","Due Diligence Software","due-diligence-software","Due Diligence Software","due-diligence-software","/collections/due-diligence-software","software","/pages/software","True"
"Software","software","eCommerce Platforms for Small Businesses","ecommerce-platforms-for-small-businesses","eCommerce Platforms for Small Businesses","ecommerce-platforms-for-small-businesses","eCommerce Platforms for Small Businesses","ecommerce-platforms-for-small-businesses","/collections/ecommerce-platforms-for-small-businesses","software","/pages/software","True"
"Software","software","eCommerce Software","ecommerce-software","eCommerce Software","ecommerce-software","eCommerce Software","ecommerce-software","/collections/ecommerce-software","software","/pages/software","True"
"Software","software","eDiscovery Software","ediscovery-software","eDiscovery Software","ediscovery-software","eDiscovery Software","ediscovery-software","/collections/ediscovery-software","software","/pages/software","True"
"Software","software","EHS Software","ehs-software","EHS Software","ehs-software","EHS Software","ehs-software","/collections/ehs-software","software","/pages/software","True"
"Software","software","eLearning Authoring Software","elearning-authoring-software","eLearning Authoring Software","elearning-authoring-software","eLearning Authoring Software","elearning-authoring-software","/collections/elearning-authoring-software","software","/pages/software","True"
"Software","software","Electrical Contractor Software","electrical-contractor-software","Electrical Contractor Software","electrical-contractor-software","Electrical Contractor Software","electrical-contractor-software","/collections/electrical-contractor-software","software","/pages/software","True"
"Software","software","Electrical Design Software","electrical-design-software","Electrical Design Software","electrical-design-software","Electrical Design Software","electrical-design-software","/collections/electrical-design-software","software","/pages/software","True"
"Software","software","Electrical Estimating Software","electrical-estimating-software","Electrical Estimating Software","electrical-estimating-software","Electrical Estimating Software","electrical-estimating-software","/collections/electrical-estimating-software","software","/pages/software","True"
"Software","software","Electronic Data Capture Software","electronic-data-capture-software","Electronic Data Capture Software","electronic-data-capture-software","Electronic Data Capture Software","electronic-data-capture-software","/collections/electronic-data-capture-software","software","/pages/software","True"
"Software","software","Electronic Data Interchange (EDI) Software","electronic-data-interchange-edi-software","Electronic Data Interchange (EDI) Software","electronic-data-interchange-edi-software","Electronic Data Interchange (EDI) Software","electronic-data-interchange-edi-software","/collections/electronic-data-interchange-edi-software","software","/pages/software","True"
"Software","software","Electronic Lab Notebook Software","electronic-lab-notebook-software","Electronic Lab Notebook Software","electronic-lab-notebook-software","Electronic Lab Notebook Software","electronic-lab-notebook-software","/collections/electronic-lab-notebook-software","software","/pages/software","True"
"Software","software","Electronic Medical Records (EMR) Software","electronic-medical-records-emr-software","Electronic Medical Records (EMR) Software","electronic-medical-records-emr-software","Electronic Medical Records (EMR) Software","electronic-medical-records-emr-software","/collections/electronic-medical-records-emr-software","software","/pages/software","True"
"Software","software","Email Archiving Software","email-archiving-software","Email Archiving Software","email-archiving-software","Email Archiving Software","email-archiving-software","/collections/email-archiving-software","software","/pages/software","True"
"Software","software","Email Management Software","email-management-software","Email Management Software","email-management-software","Email Management Software","email-management-software","/collections/email-management-software","software","/pages/software","True"
"Software","software","Email Marketing Tool","email-marketing-tool","Email Marketing Tool","email-marketing-tool","Email Marketing Tool","email-marketing-tool","/collections/email-marketing-tool","software","/pages/software","True"
"Software","software","Email Security Software","email-security-software","Email Security Software","email-security-software","Email Security Software","email-security-software","/collections/email-security-software","software","/pages/software","True"
"Software","software","Email Signature Software","email-signature-software","Email Signature Software","email-signature-software","Email Signature Software","email-signature-software","/collections/email-signature-software","software","/pages/software","True"
"Software","software","Email Tracking Software","email-tracking-software","Email Tracking Software","email-tracking-software","Email Tracking Software","email-tracking-software","/collections/email-tracking-software","software","/pages/software","True"
"Software","software","Email Verification Tools","email-verification-tools","Email Verification Tools","email-verification-tools","Email Verification Tools","email-verification-tools","/collections/email-verification-tools","software","/pages/software","True"
"Software","software","eMAR System","emar-system","eMAR System","emar-system","eMAR System","emar-system","/collections/emar-system","software","/pages/software","True"
"Software","software","Embedded Analytics Software","embedded-analytics-software","Embedded Analytics Software","embedded-analytics-software","Embedded Analytics Software","embedded-analytics-software","/collections/embedded-analytics-software","software","/pages/software","True"
"Software","software","Emergency Notification Software","emergency-notification-software","Emergency Notification Software","emergency-notification-software","Emergency Notification Software","emergency-notification-software","/collections/emergency-notification-software","software","/pages/software","True"
"Software","software","Emissions Management Software","emissions-management-software","Emissions Management Software","emissions-management-software","Emissions Management Software","emissions-management-software","/collections/emissions-management-software","software","/pages/software","True"
"Software","software","Employee Advocacy Software","employee-advocacy-software","Employee Advocacy Software","employee-advocacy-software","Employee Advocacy Software","employee-advocacy-software","/collections/employee-advocacy-software","software","/pages/software","True"
"Software","software","Employee Communication Tools","employee-communication-tools","Employee Communication Tools","employee-communication-tools","Employee Communication Tools","employee-communication-tools","/collections/employee-communication-tools","software","/pages/software","True"
"Software","software","Employee Engagement Software","employee-engagement-software","Employee Engagement Software","employee-engagement-software","Employee Engagement Software","employee-engagement-software","/collections/employee-engagement-software","software","/pages/software","True"
"Software","software","Employee Monitoring Software","employee-monitoring-software","Employee Monitoring Software","employee-monitoring-software","Employee Monitoring Software","employee-monitoring-software","/collections/employee-monitoring-software","software","/pages/software","True"
"Software","software","Employee Recognition Software","employee-recognition-software","Employee Recognition Software","employee-recognition-software","Employee Recognition Software","employee-recognition-software","/collections/employee-recognition-software","software","/pages/software","True"
"Software","software","Employee Scheduling Software","employee-scheduling-software","Employee Scheduling Software","employee-scheduling-software","Employee Scheduling Software","employee-scheduling-software","/collections/employee-scheduling-software","software","/pages/software","True"
"Software","software","EMS Software","ems-software","EMS Software","ems-software","EMS Software","ems-software","/collections/ems-software","software","/pages/software","True"
"Software","software","Encryption Software","encryption-software","Encryption Software","encryption-software","Encryption Software","encryption-software","/collections/encryption-software","software","/pages/software","True"
"Software","software","Endpoint Detection And Response (EDR) Software","endpoint-detection-and-response-edr-software","Endpoint Detection And Response (EDR) Software","endpoint-detection-and-response-edr-software","Endpoint Detection And Response (EDR) Software","endpoint-detection-and-response-edr-software","/collections/endpoint-detection-and-response-edr-software","software","/pages/software","True"
"Software","software","Endpoint Protection Software","endpoint-protection-software","Endpoint Protection Software","endpoint-protection-software","Endpoint Protection Software","endpoint-protection-software","/collections/endpoint-protection-software","software","/pages/software","True"
"Software","software","Energy Management Software","energy-management-software","Energy Management Software","energy-management-software","Energy Management Software","energy-management-software","/collections/energy-management-software","software","/pages/software","True"
"Software","software","Engineering Accounting Software","engineering-accounting-software","Engineering Accounting Software","engineering-accounting-software","Engineering Accounting Software","engineering-accounting-software","/collections/engineering-accounting-software","software","/pages/software","True"
"Software","software","Engineering CAD Software","engineering-cad-software","Engineering CAD Software","engineering-cad-software","Engineering CAD Software","engineering-cad-software","/collections/engineering-cad-software","software","/pages/software","True"
"Software","software","Enterprise Architecture Software","enterprise-architecture-software","Enterprise Architecture Software","enterprise-architecture-software","Enterprise Architecture Software","enterprise-architecture-software","/collections/enterprise-architecture-software","software","/pages/software","True"
"Software","software","Enterprise Asset Management (EAM) Software","enterprise-asset-management-eam-software","Enterprise Asset Management (EAM) Software","enterprise-asset-management-eam-software","Enterprise Asset Management (EAM) Software","enterprise-asset-management-eam-software","/collections/enterprise-asset-management-eam-software","software","/pages/software","True"
"Software","software","Enterprise Content Management Software","enterprise-content-management-software","Enterprise Content Management Software","enterprise-content-management-software","Enterprise Content Management Software","enterprise-content-management-software","/collections/enterprise-content-management-software","software","/pages/software","True"
"Software","software","Enterprise Legal Management Software","enterprise-legal-management-software","Enterprise Legal Management Software","enterprise-legal-management-software","Enterprise Legal Management Software","enterprise-legal-management-software","/collections/enterprise-legal-management-software","software","/pages/software","True"
"Software","software","Enterprise Risk Management Software (ERM)","enterprise-risk-management-software-erm","Enterprise Risk Management Software (ERM)","enterprise-risk-management-software-erm","Enterprise Risk Management Software (ERM)","enterprise-risk-management-software-erm","/collections/enterprise-risk-management-software-erm","software","/pages/software","True"
"Software","software","Enterprise Search Software","enterprise-search-software","Enterprise Search Software","enterprise-search-software","Enterprise Search Software","enterprise-search-software","/collections/enterprise-search-software","software","/pages/software","True"
"Software","software","Enterprise Service Bus (ESB) Software","enterprise-service-bus-esb-software","Enterprise Service Bus (ESB) Software","enterprise-service-bus-esb-software","Enterprise Service Bus (ESB) Software","enterprise-service-bus-esb-software","/collections/enterprise-service-bus-esb-software","software","/pages/software","True"
"Software","software","Entity Management Software","entity-management-software","Entity Management Software","entity-management-software","Entity Management Software","entity-management-software","/collections/entity-management-software","software","/pages/software","True"
"Software","software","Environmental Software","environmental-software","Environmental Software","environmental-software","Environmental Software","environmental-software","/collections/environmental-software","software","/pages/software","True"
"Software","software","e-Prescribing Software","e-prescribing-software","e-Prescribing Software","e-prescribing-software","e-Prescribing Software","e-prescribing-software","/collections/e-prescribing-software","software","/pages/software","True"
"Software","software","Equipment Maintenance Software","equipment-maintenance-software","Equipment Maintenance Software","equipment-maintenance-software","Equipment Maintenance Software","equipment-maintenance-software","/collections/equipment-maintenance-software","software","/pages/software","True"
"Software","software","Equipment Rental Software","equipment-rental-software","Equipment Rental Software","equipment-rental-software","Equipment Rental Software","equipment-rental-software","/collections/equipment-rental-software","software","/pages/software","True"
"Software","software","Equity Management Software","equity-management-software","Equity Management Software","equity-management-software","Equity Management Software","equity-management-software","/collections/equity-management-software","software","/pages/software","True"
"Software","software","ERP Software","erp-software","ERP Software","erp-software","ERP Software","erp-software","/collections/erp-software","software","/pages/software","True"
"Software","software","ESG Software","esg-software","ESG Software","esg-software","ESG Software","esg-software","/collections/esg-software","software","/pages/software","True"
"Software","software","ETL Tools","etl-tools","ETL Tools","etl-tools","ETL Tools","etl-tools","/collections/etl-tools","software","/pages/software","True"
"Software","software","Event Booking Software","event-booking-software","Event Booking Software","event-booking-software","Event Booking Software","event-booking-software","/collections/event-booking-software","software","/pages/software","True"
"Software","software","Event Check In Software","event-check-in-software","Event Check In Software","event-check-in-software","Event Check In Software","event-check-in-software","/collections/event-check-in-software","software","/pages/software","True"
"Software","software","Event Management System","event-management-system","Event Management System","event-management-system","Event Management System","event-management-system","/collections/event-management-system","software","/pages/software","True"
"Software","software","Event Marketing Software","event-marketing-software","Event Marketing Software","event-marketing-software","Event Marketing Software","event-marketing-software","/collections/event-marketing-software","software","/pages/software","True"
"Software","software","Event Rental Software","event-rental-software","Event Rental Software","event-rental-software","Event Rental Software","event-rental-software","/collections/event-rental-software","software","/pages/software","True"
"Software","software","Exam Software","exam-software","Exam Software","exam-software","Exam Software","exam-software","/collections/exam-software","software","/pages/software","True"
"Software","software","Expense Report Software","expense-report-software","Expense Report Software","expense-report-software","Expense Report Software","expense-report-software","/collections/expense-report-software","software","/pages/software","True"
"Software","software","Facial Recognition","facial-recognition","Facial Recognition","facial-recognition","Facial Recognition","facial-recognition","/collections/facial-recognition","software","/pages/software","True"
"Software","software","Facility Management Software","facility-management-software","Facility Management Software","facility-management-software","Facility Management Software","facility-management-software","/collections/facility-management-software","software","/pages/software","True"
"Software","software","Family Law Software","family-law-software","Family Law Software","family-law-software","Family Law Software","family-law-software","/collections/family-law-software","software","/pages/software","True"
"Software","software","Family Practice Electronic Medical Records Software","family-practice-electronic-medical-records-software","Family Practice Electronic Medical Records Software","family-practice-electronic-medical-records-software","Family Practice Electronic Medical Records Software","family-practice-electronic-medical-records-software","/collections/family-practice-electronic-medical-records-software","software","/pages/software","True"
"Software","software","Farm Management Software","farm-management-software","Farm Management Software","farm-management-software","Farm Management Software","farm-management-software","/collections/farm-management-software","software","/pages/software","True"
"Software","software","Fashion Design Software","fashion-design-software","Fashion Design Software","fashion-design-software","Fashion Design Software","fashion-design-software","/collections/fashion-design-software","software","/pages/software","True"
"Software","software","Fax Server Software","fax-server-software","Fax Server Software","fax-server-software","Fax Server Software","fax-server-software","/collections/fax-server-software","software","/pages/software","True"
"Software","software","Festival Management Software","festival-management-software","Festival Management Software","festival-management-software","Festival Management Software","festival-management-software","/collections/festival-management-software","software","/pages/software","True"
"Software","software","Field Sales Software","field-sales-software","Field Sales Software","field-sales-software","Field Sales Software","field-sales-software","/collections/field-sales-software","software","/pages/software","True"
"Software","software","Field Service Management Software","field-service-management-software","Field Service Management Software","field-service-management-software","Field Service Management Software","field-service-management-software","/collections/field-service-management-software","software","/pages/software","True"
"Software","software","Field Service Mobile Apps","field-service-mobile-apps","Field Service Mobile Apps","field-service-mobile-apps","Field Service Mobile Apps","field-service-mobile-apps","/collections/field-service-mobile-apps","software","/pages/software","True"
"Software","software","File Sharing Software","file-sharing-software","File Sharing Software","file-sharing-software","File Sharing Software","file-sharing-software","/collections/file-sharing-software","software","/pages/software","True"
"Software","software","File Sync Software","file-sync-software","File Sync Software","file-sync-software","File Sync Software","file-sync-software","/collections/file-sync-software","software","/pages/software","True"
"Software","software","Financial Close Software","financial-close-software","Financial Close Software","financial-close-software","Financial Close Software","financial-close-software","/collections/financial-close-software","software","/pages/software","True"
"Software","software","Financial CRM Software","financial-crm-software","Financial CRM Software","financial-crm-software","Financial CRM Software","financial-crm-software","/collections/financial-crm-software","software","/pages/software","True"
"Software","software","Financial Fraud Detection Software","financial-fraud-detection-software","Financial Fraud Detection Software","financial-fraud-detection-software","Financial Fraud Detection Software","financial-fraud-detection-software","/collections/financial-fraud-detection-software","software","/pages/software","True"
"Software","software","Financial Management Software","financial-management-software","Financial Management Software","financial-management-software","Financial Management Software","financial-management-software","/collections/financial-management-software","software","/pages/software","True"
"Software","software","Financial Reporting Software","financial-reporting-software","Financial Reporting Software","financial-reporting-software","Financial Reporting Software","financial-reporting-software","/collections/financial-reporting-software","software","/pages/software","True"
"Software","software","Financial Risk Management Software","financial-risk-management-software","Financial Risk Management Software","financial-risk-management-software","Financial Risk Management Software","financial-risk-management-software","/collections/financial-risk-management-software","software","/pages/software","True"
"Software","software","Financial Services Software","financial-services-software","Financial Services Software","financial-services-software","Financial Services Software","financial-services-software","/collections/financial-services-software","software","/pages/software","True"
"Software","software","Fire Department Software","fire-department-software","Fire Department Software","fire-department-software","Fire Department Software","fire-department-software","/collections/fire-department-software","software","/pages/software","True"
"Software","software","Firewall Software","firewall-software","Firewall Software","firewall-software","Firewall Software","firewall-software","/collections/firewall-software","software","/pages/software","True"
"Software","software","Fitness Software","fitness-software","Fitness Software","fitness-software","Fitness Software","fitness-software","/collections/fitness-software","software","/pages/software","True"
"Software","software","Fixed Asset Management Software","fixed-asset-management-software","Fixed Asset Management Software","fixed-asset-management-software","Fixed Asset Management Software","fixed-asset-management-software","/collections/fixed-asset-management-software","software","/pages/software","True"
"Software","software","Fleet Maintenance Software","fleet-maintenance-software","Fleet Maintenance Software","fleet-maintenance-software","Fleet Maintenance Software","fleet-maintenance-software","/collections/fleet-maintenance-software","software","/pages/software","True"
"Software","software","Fleet Management System","fleet-management-system","Fleet Management System","fleet-management-system","Fleet Management System","fleet-management-system","/collections/fleet-management-system","software","/pages/software","True"
"Software","software","Floor Plan Software","floor-plan-software","Floor Plan Software","floor-plan-software","Floor Plan Software","floor-plan-software","/collections/floor-plan-software","software","/pages/software","True"
"Software","software","Florist Software","florist-software","Florist Software","florist-software","Florist Software","florist-software","/collections/florist-software","software","/pages/software","True"
"Software","software","Flowchart Software","flowchart-software","Flowchart Software","flowchart-software","Flowchart Software","flowchart-software","/collections/flowchart-software","software","/pages/software","True"
"Software","software","Food Costing Software","food-costing-software","Food Costing Software","food-costing-software","Food Costing Software","food-costing-software","/collections/food-costing-software","software","/pages/software","True"
"Software","software","Food Delivery Software","food-delivery-software","Food Delivery Software","food-delivery-software","Food Delivery Software","food-delivery-software","/collections/food-delivery-software","software","/pages/software","True"
"Software","software","Food Manufacturing Software","food-manufacturing-software","Food Manufacturing Software","food-manufacturing-software","Food Manufacturing Software","food-manufacturing-software","/collections/food-manufacturing-software","software","/pages/software","True"
"Software","software","Food Service Distribution Software","food-service-distribution-software","Food Service Distribution Software","food-service-distribution-software","Food Service Distribution Software","food-service-distribution-software","/collections/food-service-distribution-software","software","/pages/software","True"
"Software","software","Food Service Management Software","food-service-management-software","Food Service Management Software","food-service-management-software","Food Service Management Software","food-service-management-software","/collections/food-service-management-software","software","/pages/software","True"
"Software","software","Food Traceability Software","food-traceability-software","Food Traceability Software","food-traceability-software","Food Traceability Software","food-traceability-software","/collections/food-traceability-software","software","/pages/software","True"
"Software","software","Food Truck POS Systems","food-truck-pos-systems","Food Truck POS Systems","food-truck-pos-systems","Food Truck POS Systems","food-truck-pos-systems","/collections/food-truck-pos-systems","software","/pages/software","True"
"Software","software","Forestry Software","forestry-software","Forestry Software","forestry-software","Forestry Software","forestry-software","/collections/forestry-software","software","/pages/software","True"
"Software","software","Form Builder Software","form-builder-software","Form Builder Software","form-builder-software","Form Builder Software","form-builder-software","/collections/form-builder-software","software","/pages/software","True"
"Software","software","Forms Automation Software","forms-automation-software","Forms Automation Software","forms-automation-software","Forms Automation Software","forms-automation-software","/collections/forms-automation-software","software","/pages/software","True"
"Software","software","Franchise Management Software","franchise-management-software","Franchise Management Software","franchise-management-software","Franchise Management Software","franchise-management-software","/collections/franchise-management-software","software","/pages/software","True"
"Software","software","Freight Software","freight-software","Freight Software","freight-software","Freight Software","freight-software","/collections/freight-software","software","/pages/software","True"
"Software","software","Fuel Management Software","fuel-management-software","Fuel Management Software","fuel-management-software","Fuel Management Software","fuel-management-software","/collections/fuel-management-software","software","/pages/software","True"
"Software","software","Fund Accounting Software","fund-accounting-software","Fund Accounting Software","fund-accounting-software","Fund Accounting Software","fund-accounting-software","/collections/fund-accounting-software","software","/pages/software","True"
"Software","software","Fundraising Software","fundraising-software","Fundraising Software","fundraising-software","Fundraising Software","fundraising-software","/collections/fundraising-software","software","/pages/software","True"
"Software","software","Funeral Home Software","funeral-home-software","Funeral Home Software","funeral-home-software","Funeral Home Software","funeral-home-software","/collections/funeral-home-software","software","/pages/software","True"
"Software","software","Game Development Software","game-development-software","Game Development Software","game-development-software","Game Development Software","game-development-software","/collections/game-development-software","software","/pages/software","True"
"Software","software","Gamification Software","gamification-software","Gamification Software","gamification-software","Gamification Software","gamification-software","/collections/gamification-software","software","/pages/software","True"
"Software","software","Gantt Chart Software","gantt-chart-software","Gantt Chart Software","gantt-chart-software","Gantt Chart Software","gantt-chart-software","/collections/gantt-chart-software","software","/pages/software","True"
"Software","software","Garage Door Software","garage-door-software","Garage Door Software","garage-door-software","Garage Door Software","garage-door-software","/collections/garage-door-software","software","/pages/software","True"
"Software","software","Garden Center Software","garden-center-software","Garden Center Software","garden-center-software","Garden Center Software","garden-center-software","/collections/garden-center-software","software","/pages/software","True"
"Software","software","GDPR Compliance Software","gdpr-compliance-software","GDPR Compliance Software","gdpr-compliance-software","GDPR Compliance Software","gdpr-compliance-software","/collections/gdpr-compliance-software","software","/pages/software","True"
"Software","software","General Ledger Software","general-ledger-software","General Ledger Software","general-ledger-software","General Ledger Software","general-ledger-software","/collections/general-ledger-software","software","/pages/software","True"
"Software","software","Generative AI Tools","generative-ai-tools","Generative AI Tools","generative-ai-tools","Generative AI Tools","generative-ai-tools","/collections/generative-ai-tools","software","/pages/software","True"
"Software","software","GIS Software","gis-software","GIS Software","gis-software","GIS Software","gis-software","/collections/gis-software","software","/pages/software","True"
"Software","software","Golf Course Software","golf-course-software","Golf Course Software","golf-course-software","Golf Course Software","golf-course-software","/collections/golf-course-software","software","/pages/software","True"
"Software","software","Governance Risk and Compliance (GRC)","governance-risk-and-compliance-grc","Governance Risk and Compliance (GRC)","governance-risk-and-compliance-grc","Governance Risk and Compliance (GRC)","governance-risk-and-compliance-grc","/collections/governance-risk-and-compliance-grc","software","/pages/software","True"
"Software","software","Government Software","government-software","Government Software","government-software","Government Software","government-software","/collections/government-software","software","/pages/software","True"
"Software","software","GPS Tracking Software","gps-tracking-software","GPS Tracking Software","gps-tracking-software","GPS Tracking Software","gps-tracking-software","/collections/gps-tracking-software","software","/pages/software","True"
"Software","software","Gradebook Software","gradebook-software","Gradebook Software","gradebook-software","Gradebook Software","gradebook-software","/collections/gradebook-software","software","/pages/software","True"
"Software","software","Grant Management Software","grant-management-software","Grant Management Software","grant-management-software","Grant Management Software","grant-management-software","/collections/grant-management-software","software","/pages/software","True"
"Software","software","Graphic Design Software","graphic-design-software","Graphic Design Software","graphic-design-software","Graphic Design Software","graphic-design-software","/collections/graphic-design-software","software","/pages/software","True"
"Software","software","Gym Management Software","gym-management-software","Gym Management Software","gym-management-software","Gym Management Software","gym-management-software","/collections/gym-management-software","software","/pages/software","True"
"Software","software","Gymnastics Software","gymnastics-software","Gymnastics Software","gymnastics-software","Gymnastics Software","gymnastics-software","/collections/gymnastics-software","software","/pages/software","True"
"Software","software","Handyman Software","handyman-software","Handyman Software","handyman-software","Handyman Software","handyman-software","/collections/handyman-software","software","/pages/software","True"
"Software","software","Headless CMS Software","headless-cms-software","Headless CMS Software","headless-cms-software","Headless CMS Software","headless-cms-software","/collections/headless-cms-software","software","/pages/software","True"
"Software","software","Headless eCommerce Software","headless-ecommerce-software","Headless eCommerce Software","headless-ecommerce-software","Headless eCommerce Software","headless-ecommerce-software","/collections/headless-ecommerce-software","software","/pages/software","True"
"Software","software","Healthcare CRM Software","healthcare-crm-software","Healthcare CRM Software","healthcare-crm-software","Healthcare CRM Software","healthcare-crm-software","/collections/healthcare-crm-software","software","/pages/software","True"
"Software","software","Healthcare LMS Software","healthcare-lms-software","Healthcare LMS Software","healthcare-lms-software","Healthcare LMS Software","healthcare-lms-software","/collections/healthcare-lms-software","software","/pages/software","True"
"Software","software","Heatmap Software","heatmap-software","Heatmap Software","heatmap-software","Heatmap Software","heatmap-software","/collections/heatmap-software","software","/pages/software","True"
"Software","software","Hedge Fund Software","hedge-fund-software","Hedge Fund Software","hedge-fund-software","Hedge Fund Software","hedge-fund-software","/collections/hedge-fund-software","software","/pages/software","True"
"Software","software","Help Desk Software","help-desk-software","Help Desk Software","help-desk-software","Help Desk Software","help-desk-software","/collections/help-desk-software","software","/pages/software","True"
"Software","software","Higher Education Software","higher-education-software","Higher Education Software","higher-education-software","Higher Education Software","higher-education-software","/collections/higher-education-software","software","/pages/software","True"
"Software","software","HIPAA Compliance Software","hipaa-compliance-software","HIPAA Compliance Software","hipaa-compliance-software","HIPAA Compliance Software","hipaa-compliance-software","/collections/hipaa-compliance-software","software","/pages/software","True"
"Software","software","HOA Software","hoa-software","HOA Software","hoa-software","HOA Software","hoa-software","/collections/hoa-software","software","/pages/software","True"
"Software","software","Home Builder Software","home-builder-software","Home Builder Software","home-builder-software","Home Builder Software","home-builder-software","/collections/home-builder-software","software","/pages/software","True"
"Software","software","Home Care Software","home-care-software","Home Care Software","home-care-software","Home Care Software","home-care-software","/collections/home-care-software","software","/pages/software","True"
"Software","software","Home Health Care Software","home-health-care-software","Home Health Care Software","home-health-care-software","Home Health Care Software","home-health-care-software","/collections/home-health-care-software","software","/pages/software","True"
"Software","software","Home Inspection Software","home-inspection-software","Home Inspection Software","home-inspection-software","Home Inspection Software","home-inspection-software","/collections/home-inspection-software","software","/pages/software","True"
"Software","software","Horse Software","horse-software","Horse Software","horse-software","Horse Software","horse-software","/collections/horse-software","software","/pages/software","True"
"Software","software","Hospice Software","hospice-software","Hospice Software","hospice-software","Hospice Software","hospice-software","/collections/hospice-software","software","/pages/software","True"
"Software","software","Hospital Management Software","hospital-management-software","Hospital Management Software","hospital-management-software","Hospital Management Software","hospital-management-software","/collections/hospital-management-software","software","/pages/software","True"
"Software","software","Hospitality LMS Software","hospitality-lms-software","Hospitality LMS Software","hospitality-lms-software","Hospitality LMS Software","hospitality-lms-software","/collections/hospitality-lms-software","software","/pages/software","True"
"Software","software","Hospitality Property Management Software","hospitality-property-management-software","Hospitality Property Management Software","hospitality-property-management-software","Hospitality Property Management Software","hospitality-property-management-software","/collections/hospitality-property-management-software","software","/pages/software","True"
"Software","software","Hostel Management Software","hostel-management-software","Hostel Management Software","hostel-management-software","Hostel Management Software","hostel-management-software","/collections/hostel-management-software","software","/pages/software","True"
"Software","software","Hotel Channel Management Software","hotel-channel-management-software","Hotel Channel Management Software","hotel-channel-management-software","Hotel Channel Management Software","hotel-channel-management-software","/collections/hotel-channel-management-software","software","/pages/software","True"
"Software","software","HR Analytics Software","hr-analytics-software","HR Analytics Software","hr-analytics-software","HR Analytics Software","hr-analytics-software","/collections/hr-analytics-software","software","/pages/software","True"
"Software","software","Human Resources Management Software","human-resources-management-software","Human Resources Management Software","human-resources-management-software","Human Resources Management Software","human-resources-management-software","/collections/human-resources-management-software","software","/pages/software","True"
"Software","software","Human Services Software","human-services-software","Human Services Software","human-services-software","Human Services Software","human-services-software","/collections/human-services-software","software","/pages/software","True"
"Software","software","HVAC Estimating Software","hvac-estimating-software","HVAC Estimating Software","hvac-estimating-software","HVAC Estimating Software","hvac-estimating-software","/collections/hvac-estimating-software","software","/pages/software","True"
"Software","software","Idea Management Software","idea-management-software","Idea Management Software","idea-management-software","Idea Management Software","idea-management-software","/collections/idea-management-software","software","/pages/software","True"
"Software","software","Identity Management Software","identity-management-software","Identity Management Software","identity-management-software","Identity Management Software","identity-management-software","/collections/identity-management-software","software","/pages/software","True"
"Software","software","Identity Verification Software","identity-verification-software","Identity Verification Software","identity-verification-software","Identity Verification Software","identity-verification-software","/collections/identity-verification-software","software","/pages/software","True"
"Software","software","Image Recognition","image-recognition","Image Recognition","image-recognition","Image Recognition","image-recognition","/collections/image-recognition","software","/pages/software","True"
"Software","software","Incident Management Software","incident-management-software","Incident Management Software","incident-management-software","Incident Management Software","incident-management-software","/collections/incident-management-software","software","/pages/software","True"
"Software","software","Influencer Marketing Software","influencer-marketing-software","Influencer Marketing Software","influencer-marketing-software","Influencer Marketing Software","influencer-marketing-software","/collections/influencer-marketing-software","software","/pages/software","True"
"Software","software","Infrastructure-as-a-Service Solutions","infrastructure-as-a-service-solutions","Infrastructure-as-a-Service Solutions","infrastructure-as-a-service-solutions","Infrastructure-as-a-Service Solutions","infrastructure-as-a-service-solutions","/collections/infrastructure-as-a-service-solutions","software","/pages/software","True"
"Software","software","Innovation Management Tools","innovation-management-tools","Innovation Management Tools","innovation-management-tools","Innovation Management Tools","innovation-management-tools","/collections/innovation-management-tools","software","/pages/software","True"
"Software","software","Inside Sales Software","inside-sales-software","Inside Sales Software","inside-sales-software","Inside Sales Software","inside-sales-software","/collections/inside-sales-software","software","/pages/software","True"
"Software","software","Insight Engines Software","insight-engines-software","Insight Engines Software","insight-engines-software","Insight Engines Software","insight-engines-software","/collections/insight-engines-software","software","/pages/software","True"
"Software","software","Inspection Software","inspection-software","Inspection Software","inspection-software","Inspection Software","inspection-software","/collections/inspection-software","software","/pages/software","True"
"Software","software","Insurance CRM Software","insurance-crm-software","Insurance CRM Software","insurance-crm-software","Insurance CRM Software","insurance-crm-software","/collections/insurance-crm-software","software","/pages/software","True"
"Software","software","Insurance Policy Software","insurance-policy-software","Insurance Policy Software","insurance-policy-software","Insurance Policy Software","insurance-policy-software","/collections/insurance-policy-software","software","/pages/software","True"
"Software","software","Insurance Rating Software","insurance-rating-software","Insurance Rating Software","insurance-rating-software","Insurance Rating Software","insurance-rating-software","/collections/insurance-rating-software","software","/pages/software","True"
"Software","software","Insurance Software","insurance-software","Insurance Software","insurance-software","Insurance Software","insurance-software","/collections/insurance-software","software","/pages/software","True"
"Software","software","Integrated Development Environment (IDE) Software","integrated-development-environment-ide-software","Integrated Development Environment (IDE) Software","integrated-development-environment-ide-software","Integrated Development Environment (IDE) Software","integrated-development-environment-ide-software","/collections/integrated-development-environment-ide-software","software","/pages/software","True"
"Software","software","Integrated Risk Management (IRM) Software","integrated-risk-management-irm-software","Integrated Risk Management (IRM) Software","integrated-risk-management-irm-software","Integrated Risk Management (IRM) Software","integrated-risk-management-irm-software","/collections/integrated-risk-management-irm-software","software","/pages/software","True"
"Software","software","Integrated Workplace Management Systems (IWMS)","integrated-workplace-management-systems-iwms","Integrated Workplace Management Systems (IWMS)","integrated-workplace-management-systems-iwms","Integrated Workplace Management Systems (IWMS)","integrated-workplace-management-systems-iwms","/collections/integrated-workplace-management-systems-iwms","software","/pages/software","True"
"Software","software","Integration Software","integration-software","Integration Software","integration-software","Integration Software","integration-software","/collections/integration-software","software","/pages/software","True"
"Software","software","Intellectual Property Management Software","intellectual-property-management-software","Intellectual Property Management Software","intellectual-property-management-software","Intellectual Property Management Software","intellectual-property-management-software","/collections/intellectual-property-management-software","software","/pages/software","True"
"Software","software","Internal Communications Software","internal-communications-software","Internal Communications Software","internal-communications-software","Internal Communications Software","internal-communications-software","/collections/internal-communications-software","software","/pages/software","True"
"Software","software","Intranet Software","intranet-software","Intranet Software","intranet-software","Intranet Software","intranet-software","/collections/intranet-software","software","/pages/software","True"
"Software","software","Inventory Control Software","inventory-control-software","Inventory Control Software","inventory-control-software","Inventory Control Software","inventory-control-software","/collections/inventory-control-software","software","/pages/software","True"
"Software","software","Inventory Management System","inventory-management-system","Inventory Management System","inventory-management-system","Inventory Management System","inventory-management-system","/collections/inventory-management-system","software","/pages/software","True"
"Software","software","Investigation Management Software","investigation-management-software","Investigation Management Software","investigation-management-software","Investigation Management Software","investigation-management-software","/collections/investigation-management-software","software","/pages/software","True"
"Software","software","Investment Management Software","investment-management-software","Investment Management Software","investment-management-software","Investment Management Software","investment-management-software","/collections/investment-management-software","software","/pages/software","True"
"Software","software","IoT Analytics Software","iot-analytics-software","IoT Analytics Software","iot-analytics-software","IoT Analytics Software","iot-analytics-software","/collections/iot-analytics-software","software","/pages/software","True"
"Software","software","IoT Platforms","iot-platforms","IoT Platforms","iot-platforms","IoT Platforms","iot-platforms","/collections/iot-platforms","software","/pages/software","True"
"Software","software","iPaaS Software","ipaas-software","iPaaS Software","ipaas-software","iPaaS Software","ipaas-software","/collections/ipaas-software","software","/pages/software","True"
"Software","software","iPad Kiosk Software","ipad-kiosk-software","iPad Kiosk Software","ipad-kiosk-software","iPad Kiosk Software","ipad-kiosk-software","/collections/ipad-kiosk-software","software","/pages/software","True"
"Software","software","iPad POS Software","ipad-pos-software","iPad POS Software","ipad-pos-software","iPad POS Software","ipad-pos-software","/collections/ipad-pos-software","software","/pages/software","True"
"Software","software","Issue Tracking Software","issue-tracking-software","Issue Tracking Software","issue-tracking-software","Issue Tracking Software","issue-tracking-software","/collections/issue-tracking-software","software","/pages/software","True"
"Software","software","IT Asset Management Software","it-asset-management-software","IT Asset Management Software","it-asset-management-software","IT Asset Management Software","it-asset-management-software","/collections/it-asset-management-software","software","/pages/software","True"
"Software","software","IT Documentation Software","it-documentation-software","IT Documentation Software","it-documentation-software","IT Documentation Software","it-documentation-software","/collections/it-documentation-software","software","/pages/software","True"
"Software","software","IT Management Software","it-management-software","IT Management Software","it-management-software","IT Management Software","it-management-software","/collections/it-management-software","software","/pages/software","True"
"Software","software","IT Project Management Software","it-project-management-software","IT Project Management Software","it-project-management-software","IT Project Management Software","it-project-management-software","/collections/it-project-management-software","software","/pages/software","True"
"Software","software","IT Service Management (ITSM) Tools","it-service-management-itsm-tools","IT Service Management (ITSM) Tools","it-service-management-itsm-tools","IT Service Management (ITSM) Tools","it-service-management-itsm-tools","/collections/it-service-management-itsm-tools","software","/pages/software","True"
"Software","software","IT Service Software","it-service-software","IT Service Software","it-service-software","IT Service Software","it-service-software","/collections/it-service-software","software","/pages/software","True"
"Software","software","IT Ticketing Systems Software","it-ticketing-systems-software","IT Ticketing Systems Software","it-ticketing-systems-software","IT Ticketing Systems Software","it-ticketing-systems-software","/collections/it-ticketing-systems-software","software","/pages/software","True"
"Software","software","IVR Software","ivr-software","IVR Software","ivr-software","IVR Software","ivr-software","/collections/ivr-software","software","/pages/software","True"
"Software","software","Jail Management Software","jail-management-software","Jail Management Software","jail-management-software","Jail Management Software","jail-management-software","/collections/jail-management-software","software","/pages/software","True"
"Software","software","Janitorial Software","janitorial-software","Janitorial Software","janitorial-software","Janitorial Software","janitorial-software","/collections/janitorial-software","software","/pages/software","True"
"Software","software","Java CMS Software","java-cms-software","Java CMS Software","java-cms-software","Java CMS Software","java-cms-software","/collections/java-cms-software","software","/pages/software","True"
"Software","software","Jewelry Store Management Software","jewelry-store-management-software","Jewelry Store Management Software","jewelry-store-management-software","Jewelry Store Management Software","jewelry-store-management-software","/collections/jewelry-store-management-software","software","/pages/software","True"
"Software","software","Job Board Software","job-board-software","Job Board Software","job-board-software","Job Board Software","job-board-software","/collections/job-board-software","software","/pages/software","True"
"Software","software","Job Costing Software","job-costing-software","Job Costing Software","job-costing-software","Job Costing Software","job-costing-software","/collections/job-costing-software","software","/pages/software","True"
"Software","software","Job Evaluation Software","job-evaluation-software","Job Evaluation Software","job-evaluation-software","Job Evaluation Software","job-evaluation-software","/collections/job-evaluation-software","software","/pages/software","True"
"Software","software","Job Shop Software","job-shop-software","Job Shop Software","job-shop-software","Job Shop Software","job-shop-software","/collections/job-shop-software","software","/pages/software","True"
"Software","software","K-12 Software","k-12-software","K-12 Software","k-12-software","K-12 Software","k-12-software","/collections/k-12-software","software","/pages/software","True"
"Software","software","Kanban Tools","kanban-tools","Kanban Tools","kanban-tools","Kanban Tools","kanban-tools","/collections/kanban-tools","software","/pages/software","True"
"Software","software","Kennel Software","kennel-software","Kennel Software","kennel-software","Kennel Software","kennel-software","/collections/kennel-software","software","/pages/software","True"
"Software","software","Key Management Software","key-management-software","Key Management Software","key-management-software","Key Management Software","key-management-software","/collections/key-management-software","software","/pages/software","True"
"Software","software","Keyword Research Tools","keyword-research-tools","Keyword Research Tools","keyword-research-tools","Keyword Research Tools","keyword-research-tools","/collections/keyword-research-tools","software","/pages/software","True"
"Software","software","Kiosk Software","kiosk-software","Kiosk Software","kiosk-software","Kiosk Software","kiosk-software","/collections/kiosk-software","software","/pages/software","True"
"Software","software","Knowledge Base Software","knowledge-base-software","Knowledge Base Software","knowledge-base-software","Knowledge Base Software","knowledge-base-software","/collections/knowledge-base-software","software","/pages/software","True"
"Software","software","Knowledge Management Software","knowledge-management-software","Knowledge Management Software","knowledge-management-software","Knowledge Management Software","knowledge-management-software","/collections/knowledge-management-software","software","/pages/software","True"
"Software","software","KPI Software","kpi-software","KPI Software","kpi-software","KPI Software","kpi-software","/collections/kpi-software","software","/pages/software","True"
"Software","software","KYC Software","kyc-software","KYC Software","kyc-software","KYC Software","kyc-software","/collections/kyc-software","software","/pages/software","True"
"Software","software","Label Printing Software","label-printing-software","Label Printing Software","label-printing-software","Label Printing Software","label-printing-software","/collections/label-printing-software","software","/pages/software","True"
"Software","software","Laboratory Information Management System (LIMS) Software","laboratory-information-management-system-lims-software","Laboratory Information Management System (LIMS) Software","laboratory-information-management-system-lims-software","Laboratory Information Management System (LIMS) Software","laboratory-information-management-system-lims-software","/collections/laboratory-information-management-system-lims-software","software","/pages/software","True"
"Software","software","Laboratory Information Systems (LIS)","laboratory-information-systems-lis","Laboratory Information Systems (LIS)","laboratory-information-systems-lis","Laboratory Information Systems (LIS)","laboratory-information-systems-lis","/collections/laboratory-information-systems-lis","software","/pages/software","True"
"Software","software","Land Management Software","land-management-software","Land Management Software","land-management-software","Land Management Software","land-management-software","/collections/land-management-software","software","/pages/software","True"
"Software","software","Landing Page Software","landing-page-software","Landing Page Software","landing-page-software","Landing Page Software","landing-page-software","/collections/landing-page-software","software","/pages/software","True"
"Software","software","Landscape Software","landscape-software","Landscape Software","landscape-software","Landscape Software","landscape-software","/collections/landscape-software","software","/pages/software","True"
"Software","software","Language Learning Software","language-learning-software","Language Learning Software","language-learning-software","Language Learning Software","language-learning-software","/collections/language-learning-software","software","/pages/software","True"
"Software","software","Law Enforcement Software","law-enforcement-software","Law Enforcement Software","law-enforcement-software","Law Enforcement Software","law-enforcement-software","/collections/law-enforcement-software","software","/pages/software","True"
"Software","software","Law Practice Management Software","law-practice-management-software","Law Practice Management Software","law-practice-management-software","Law Practice Management Software","law-practice-management-software","/collections/law-practice-management-software","software","/pages/software","True"
"Software","software","Lawn Care Software","lawn-care-software","Lawn Care Software","lawn-care-software","Lawn Care Software","lawn-care-software","/collections/lawn-care-software","software","/pages/software","True"
"Software","software","Lead Capture Software","lead-capture-software","Lead Capture Software","lead-capture-software","Lead Capture Software","lead-capture-software","/collections/lead-capture-software","software","/pages/software","True"
"Software","software","Lead Generation Software","lead-generation-software","Lead Generation Software","lead-generation-software","Lead Generation Software","lead-generation-software","/collections/lead-generation-software","software","/pages/software","True"
"Software","software","Lead Management Software","lead-management-software","Lead Management Software","lead-management-software","Lead Management Software","lead-management-software","/collections/lead-management-software","software","/pages/software","True"
"Software","software","Lead Nurturing Software","lead-nurturing-software","Lead Nurturing Software","lead-nurturing-software","Lead Nurturing Software","lead-nurturing-software","/collections/lead-nurturing-software","software","/pages/software","True"
"Software","software","Learning Experience Platform (LEP)","learning-experience-platform-lep","Learning Experience Platform (LEP)","learning-experience-platform-lep","Learning Experience Platform (LEP)","learning-experience-platform-lep","/collections/learning-experience-platform-lep","software","/pages/software","True"
"Software","software","Lease Accounting Software","lease-accounting-software","Lease Accounting Software","lease-accounting-software","Lease Accounting Software","lease-accounting-software","/collections/lease-accounting-software","software","/pages/software","True"
"Software","software","Lease Management Software","lease-management-software","Lease Management Software","lease-management-software","Lease Management Software","lease-management-software","/collections/lease-management-software","software","/pages/software","True"
"Software","software","Leave Management System","leave-management-system","Leave Management System","leave-management-system","Leave Management System","leave-management-system","/collections/leave-management-system","software","/pages/software","True"
"Software","software","Legal Accounting Software","legal-accounting-software","Legal Accounting Software","legal-accounting-software","Legal Accounting Software","legal-accounting-software","/collections/legal-accounting-software","software","/pages/software","True"
"Software","software","Legal Billing Software","legal-billing-software","Legal Billing Software","legal-billing-software","Legal Billing Software","legal-billing-software","/collections/legal-billing-software","software","/pages/software","True"
"Software","software","Legal Calendar Software","legal-calendar-software","Legal Calendar Software","legal-calendar-software","Legal Calendar Software","legal-calendar-software","/collections/legal-calendar-software","software","/pages/software","True"
"Software","software","Legal Case Management Software","legal-case-management-software","Legal Case Management Software","legal-case-management-software","Legal Case Management Software","legal-case-management-software","/collections/legal-case-management-software","software","/pages/software","True"
"Software","software","Legal Document Management Software","legal-document-management-software","Legal Document Management Software","legal-document-management-software","Legal Document Management Software","legal-document-management-software","/collections/legal-document-management-software","software","/pages/software","True"
"Software","software","Legal Research Software","legal-research-software","Legal Research Software","legal-research-software","Legal Research Software","legal-research-software","/collections/legal-research-software","software","/pages/software","True"
"Software","software","Library Automation Software","library-automation-software","Library Automation Software","library-automation-software","Library Automation Software","library-automation-software","/collections/library-automation-software","software","/pages/software","True"
"Software","software","License Management Software","license-management-software","License Management Software","license-management-software","License Management Software","license-management-software","/collections/license-management-software","software","/pages/software","True"
"Software","software","Link Management Tools","link-management-tools","Link Management Tools","link-management-tools","Link Management Tools","link-management-tools","/collections/link-management-tools","software","/pages/software","True"
"Software","software","Liquor Store POS Software","liquor-store-pos-software","Liquor Store POS Software","liquor-store-pos-software","Liquor Store POS Software","liquor-store-pos-software","/collections/liquor-store-pos-software","software","/pages/software","True"
"Software","software","Live Chat Software","live-chat-software","Live Chat Software","live-chat-software","Live Chat Software","live-chat-software","/collections/live-chat-software","software","/pages/software","True"
"Software","software","Live Streaming Software","live-streaming-software","Live Streaming Software","live-streaming-software","Live Streaming Software","live-streaming-software","/collections/live-streaming-software","software","/pages/software","True"
"Software","software","LMS Software","lms-software","LMS Software","lms-software","LMS Software","lms-software","/collections/lms-software","software","/pages/software","True"
"Software","software","Load Balancing Software","load-balancing-software","Load Balancing Software","load-balancing-software","Load Balancing Software","load-balancing-software","/collections/load-balancing-software","software","/pages/software","True"
"Software","software","Load Testing Software","load-testing-software","Load Testing Software","load-testing-software","Load Testing Software","load-testing-software","/collections/load-testing-software","software","/pages/software","True"
"Software","software","Loan Origination Software","loan-origination-software","Loan Origination Software","loan-origination-software","Loan Origination Software","loan-origination-software","/collections/loan-origination-software","software","/pages/software","True"
"Software","software","Loan Servicing Software","loan-servicing-software","Loan Servicing Software","loan-servicing-software","Loan Servicing Software","loan-servicing-software","/collections/loan-servicing-software","software","/pages/software","True"
"Software","software","Local SEO Tools","local-seo-tools","Local SEO Tools","local-seo-tools","Local SEO Tools","local-seo-tools","/collections/local-seo-tools","software","/pages/software","True"
"Software","software","Localization","localization","Localization","localization","Localization","localization","/collections/localization","software","/pages/software","True"
"Software","software","Location Intelligence Software","location-intelligence-software","Location Intelligence Software","location-intelligence-software","Location Intelligence Software","location-intelligence-software","/collections/location-intelligence-software","software","/pages/software","True"
"Software","software","Locksmith Software","locksmith-software","Locksmith Software","locksmith-software","Locksmith Software","locksmith-software","/collections/locksmith-software","software","/pages/software","True"
"Software","software","Log Analysis Software","log-analysis-software","Log Analysis Software","log-analysis-software","Log Analysis Software","log-analysis-software","/collections/log-analysis-software","software","/pages/software","True"
"Software","software","Log Management Software","log-management-software","Log Management Software","log-management-software","Log Management Software","log-management-software","/collections/log-management-software","software","/pages/software","True"
"Software","software","Logbook Software","logbook-software","Logbook Software","logbook-software","Logbook Software","logbook-software","/collections/logbook-software","software","/pages/software","True"
"Software","software","Logistics Software","logistics-software","Logistics Software","logistics-software","Logistics Software","logistics-software","/collections/logistics-software","software","/pages/software","True"
"Software","software","Long Term Care Software","long-term-care-software","Long Term Care Software","long-term-care-software","Long Term Care Software","long-term-care-software","/collections/long-term-care-software","software","/pages/software","True"
"Software","software","Lost and Found Software","lost-and-found-software","Lost and Found Software","lost-and-found-software","Lost and Found Software","lost-and-found-software","/collections/lost-and-found-software","software","/pages/software","True"
"Software","software","Low Code Development Platform Software","low-code-development-platform-software","Low Code Development Platform Software","low-code-development-platform-software","Low Code Development Platform Software","low-code-development-platform-software","/collections/low-code-development-platform-software","software","/pages/software","True"
"Software","software","Machine Learning Software","machine-learning-software","Machine Learning Software","machine-learning-software","Machine Learning Software","machine-learning-software","/collections/machine-learning-software","software","/pages/software","True"
"Software","software","Maid Service Software","maid-service-software","Maid Service Software","maid-service-software","Maid Service Software","maid-service-software","/collections/maid-service-software","software","/pages/software","True"
"Software","software","Mailroom Management Software","mailroom-management-software","Mailroom Management Software","mailroom-management-software","Mailroom Management Software","mailroom-management-software","/collections/mailroom-management-software","software","/pages/software","True"
"Software","software","Maintenance Management Software","maintenance-management-software","Maintenance Management Software","maintenance-management-software","Maintenance Management Software","maintenance-management-software","/collections/maintenance-management-software","software","/pages/software","True"
"Software","software","Manufacturing Execution Software","manufacturing-execution-software","Manufacturing Execution Software","manufacturing-execution-software","Manufacturing Execution Software","manufacturing-execution-software","/collections/manufacturing-execution-software","software","/pages/software","True"
"Software","software","Manufacturing Inventory Management Software","manufacturing-inventory-management-software","Manufacturing Inventory Management Software","manufacturing-inventory-management-software","Manufacturing Inventory Management Software","manufacturing-inventory-management-software","/collections/manufacturing-inventory-management-software","software","/pages/software","True"
"Software","software","Manufacturing System","manufacturing-system","Manufacturing System","manufacturing-system","Manufacturing System","manufacturing-system","/collections/manufacturing-system","software","/pages/software","True"
"Software","software","Marine Software","marine-software","Marine Software","marine-software","Marine Software","marine-software","/collections/marine-software","software","/pages/software","True"
"Software","software","Market Research Software","market-research-software","Market Research Software","market-research-software","Market Research Software","market-research-software","/collections/market-research-software","software","/pages/software","True"
"Software","software","Marketing Analytics Software","marketing-analytics-software","Marketing Analytics Software","marketing-analytics-software","Marketing Analytics Software","marketing-analytics-software","/collections/marketing-analytics-software","software","/pages/software","True"
"Software","software","Marketing Attribution Software","marketing-attribution-software","Marketing Attribution Software","marketing-attribution-software","Marketing Attribution Software","marketing-attribution-software","/collections/marketing-attribution-software","software","/pages/software","True"
"Software","software","Marketing Automation Software","marketing-automation-software","Marketing Automation Software","marketing-automation-software","Marketing Automation Software","marketing-automation-software","/collections/marketing-automation-software","software","/pages/software","True"
"Software","software","Marketing Planning Software","marketing-planning-software","Marketing Planning Software","marketing-planning-software","Marketing Planning Software","marketing-planning-software","/collections/marketing-planning-software","software","/pages/software","True"
"Software","software","Marketing Resource Management (MRM) Software","marketing-resource-management-mrm-software","Marketing Resource Management (MRM) Software","marketing-resource-management-mrm-software","Marketing Resource Management (MRM) Software","marketing-resource-management-mrm-software","/collections/marketing-resource-management-mrm-software","software","/pages/software","True"
"Software","software","Marketplace Software","marketplace-software","Marketplace Software","marketplace-software","Marketplace Software","marketplace-software","/collections/marketplace-software","software","/pages/software","True"
"Software","software","Martial Arts Software","martial-arts-software","Martial Arts Software","martial-arts-software","Martial Arts Software","martial-arts-software","/collections/martial-arts-software","software","/pages/software","True"
"Software","software","Massage Therapy Software","massage-therapy-software","Massage Therapy Software","massage-therapy-software","Massage Therapy Software","massage-therapy-software","/collections/massage-therapy-software","software","/pages/software","True"
"Software","software","Master Data Management Software","master-data-management-software","Master Data Management Software","master-data-management-software","Master Data Management Software","master-data-management-software","/collections/master-data-management-software","software","/pages/software","True"
"Software","software","Medical Accounting Software","medical-accounting-software","Medical Accounting Software","medical-accounting-software","Medical Accounting Software","medical-accounting-software","/collections/medical-accounting-software","software","/pages/software","True"
"Software","software","Medical Billing Software","medical-billing-software","Medical Billing Software","medical-billing-software","Medical Billing Software","medical-billing-software","/collections/medical-billing-software","software","/pages/software","True"
"Software","software","Medical Imaging Software","medical-imaging-software","Medical Imaging Software","medical-imaging-software","Medical Imaging Software","medical-imaging-software","/collections/medical-imaging-software","software","/pages/software","True"
"Software","software","Medical Inventory Software","medical-inventory-software","Medical Inventory Software","medical-inventory-software","Medical Inventory Software","medical-inventory-software","/collections/medical-inventory-software","software","/pages/software","True"
"Software","software","Medical Lab Software","medical-lab-software","Medical Lab Software","medical-lab-software","Medical Lab Software","medical-lab-software","/collections/medical-lab-software","software","/pages/software","True"
"Software","software","Medical Scheduling Software","medical-scheduling-software","Medical Scheduling Software","medical-scheduling-software","Medical Scheduling Software","medical-scheduling-software","/collections/medical-scheduling-software","software","/pages/software","True"
"Software","software","Medical Software","medical-software","Medical Software","medical-software","Medical Software","medical-software","/collections/medical-software","software","/pages/software","True"
"Software","software","Medical Spa Software","medical-spa-software","Medical Spa Software","medical-spa-software","Medical Spa Software","medical-spa-software","/collections/medical-spa-software","software","/pages/software","True"
"Software","software","Medical Transcription Software","medical-transcription-software","Medical Transcription Software","medical-transcription-software","Medical Transcription Software","medical-transcription-software","/collections/medical-transcription-software","software","/pages/software","True"
"Software","software","Meeting Room Booking Software","meeting-room-booking-software","Meeting Room Booking Software","meeting-room-booking-software","Meeting Room Booking Software","meeting-room-booking-software","/collections/meeting-room-booking-software","software","/pages/software","True"
"Software","software","Meeting Software","meeting-software","Meeting Software","meeting-software","Meeting Software","meeting-software","/collections/meeting-software","software","/pages/software","True"
"Software","software","Membership Management Software","membership-management-software","Membership Management Software","membership-management-software","Membership Management Software","membership-management-software","/collections/membership-management-software","software","/pages/software","True"
"Software","software","Mental Health EHR Software","mental-health-ehr-software","Mental Health EHR Software","mental-health-ehr-software","Mental Health EHR Software","mental-health-ehr-software","/collections/mental-health-ehr-software","software","/pages/software","True"
"Software","software","Mental Health Software","mental-health-software","Mental Health Software","mental-health-software","Mental Health Software","mental-health-software","/collections/mental-health-software","software","/pages/software","True"
"Software","software","Mentoring Software","mentoring-software","Mentoring Software","mentoring-software","Mentoring Software","mentoring-software","/collections/mentoring-software","software","/pages/software","True"
"Software","software","Metadata Management Tools","metadata-management-tools","Metadata Management Tools","metadata-management-tools","Metadata Management Tools","metadata-management-tools","/collections/metadata-management-tools","software","/pages/software","True"
"Software","software","Metal Fabrication Software","metal-fabrication-software","Metal Fabrication Software","metal-fabrication-software","Metal Fabrication Software","metal-fabrication-software","/collections/metal-fabrication-software","software","/pages/software","True"
"Software","software","Microlearning Software","microlearning-software","Microlearning Software","microlearning-software","Microlearning Software","microlearning-software","/collections/microlearning-software","software","/pages/software","True"
"Software","software","Mileage Tracking Software","mileage-tracking-software","Mileage Tracking Software","mileage-tracking-software","Mileage Tracking Software","mileage-tracking-software","/collections/mileage-tracking-software","software","/pages/software","True"
"Software","software","Mind Mapping Software","mind-mapping-software","Mind Mapping Software","mind-mapping-software","Mind Mapping Software","mind-mapping-software","/collections/mind-mapping-software","software","/pages/software","True"
"Software","software","Mining Software","mining-software","Mining Software","mining-software","Mining Software","mining-software","/collections/mining-software","software","/pages/software","True"
"Software","software","MLM Software","mlm-software","MLM Software","mlm-software","MLM Software","mlm-software","/collections/mlm-software","software","/pages/software","True"
"Software","software","Mobile Analytics Software","mobile-analytics-software","Mobile Analytics Software","mobile-analytics-software","Mobile Analytics Software","mobile-analytics-software","/collections/mobile-analytics-software","software","/pages/software","True"
"Software","software","Mobile Banking Software","mobile-banking-software","Mobile Banking Software","mobile-banking-software","Mobile Banking Software","mobile-banking-software","/collections/mobile-banking-software","software","/pages/software","True"
"Software","software","Mobile Content Management Software","mobile-content-management-software","Mobile Content Management Software","mobile-content-management-software","Mobile Content Management Software","mobile-content-management-software","/collections/mobile-content-management-software","software","/pages/software","True"
"Software","software","Mobile Credit Card Processing Software","mobile-credit-card-processing-software","Mobile Credit Card Processing Software","mobile-credit-card-processing-software","Mobile Credit Card Processing Software","mobile-credit-card-processing-software","/collections/mobile-credit-card-processing-software","software","/pages/software","True"
"Software","software","Mobile Device Management Software","mobile-device-management-software","Mobile Device Management Software","mobile-device-management-software","Mobile Device Management Software","mobile-device-management-software","/collections/mobile-device-management-software","software","/pages/software","True"
"Software","software","Mobile Event Apps","mobile-event-apps","Mobile Event Apps","mobile-event-apps","Mobile Event Apps","mobile-event-apps","/collections/mobile-event-apps","software","/pages/software","True"
"Software","software","Mobile Home Park Management Software","mobile-home-park-management-software","Mobile Home Park Management Software","mobile-home-park-management-software","Mobile Home Park Management Software","mobile-home-park-management-software","/collections/mobile-home-park-management-software","software","/pages/software","True"
"Software","software","Mobile Learning Software","mobile-learning-software","Mobile Learning Software","mobile-learning-software","Mobile Learning Software","mobile-learning-software","/collections/mobile-learning-software","software","/pages/software","True"
"Software","software","Mobile Marketing Software","mobile-marketing-software","Mobile Marketing Software","mobile-marketing-software","Mobile Marketing Software","mobile-marketing-software","/collections/mobile-marketing-software","software","/pages/software","True"
"Software","software","Mobility Software","mobility-software","Mobility Software","mobility-software","Mobility Software","mobility-software","/collections/mobility-software","software","/pages/software","True"
"Software","software","Mortgage Software","mortgage-software","Mortgage Software","mortgage-software","Mortgage Software","mortgage-software","/collections/mortgage-software","software","/pages/software","True"
"Software","software","Motel Software","motel-software","Motel Software","motel-software","Motel Software","motel-software","/collections/motel-software","software","/pages/software","True"
"Software","software","Moving Software","moving-software","Moving Software","moving-software","Moving Software","moving-software","/collections/moving-software","software","/pages/software","True"
"Software","software","MRP Software","mrp-software","MRP Software","mrp-software","MRP Software","mrp-software","/collections/mrp-software","software","/pages/software","True"
"Software","software","MSP Software","msp-software","MSP Software","msp-software","MSP Software","msp-software","/collections/msp-software","software","/pages/software","True"
"Software","software","Multi-Channel eCommerce Software","multi-channel-ecommerce-software","Multi-Channel eCommerce Software","multi-channel-ecommerce-software","Multi-Channel eCommerce Software","multi-channel-ecommerce-software","/collections/multi-channel-ecommerce-software","software","/pages/software","True"
"Software","software","Multi-Country Payroll","multi-country-payroll","Multi-Country Payroll","multi-country-payroll","Multi-Country Payroll","multi-country-payroll","/collections/multi-country-payroll","software","/pages/software","True"
"Software","software","Multi-Factor Authentication Software","multi-factor-authentication-software","Multi-Factor Authentication Software","multi-factor-authentication-software","Multi-Factor Authentication Software","multi-factor-authentication-software","/collections/multi-factor-authentication-software","software","/pages/software","True"
"Software","software","Municipal Software","municipal-software","Municipal Software","municipal-software","Municipal Software","municipal-software","/collections/municipal-software","software","/pages/software","True"
"Software","software","Museum Software","museum-software","Museum Software","museum-software","Museum Software","museum-software","/collections/museum-software","software","/pages/software","True"
"Software","software","Music School Software","music-school-software","Music School Software","music-school-software","Music School Software","music-school-software","/collections/music-school-software","software","/pages/software","True"
"Software","software","Natural Language Processing (NLP) Software","natural-language-processing-nlp-software","Natural Language Processing (NLP) Software","natural-language-processing-nlp-software","Natural Language Processing (NLP) Software","natural-language-processing-nlp-software","/collections/natural-language-processing-nlp-software","software","/pages/software","True"
"Software","software","Network Access Control (NAC) Software","network-access-control-nac-software","Network Access Control (NAC) Software","network-access-control-nac-software","Network Access Control (NAC) Software","network-access-control-nac-software","/collections/network-access-control-nac-software","software","/pages/software","True"
"Software","software","Network Management Software","network-management-software","Network Management Software","network-management-software","Network Management Software","network-management-software","/collections/network-management-software","software","/pages/software","True"
"Software","software","Network Mapping Software","network-mapping-software","Network Mapping Software","network-mapping-software","Network Mapping Software","network-mapping-software","/collections/network-mapping-software","software","/pages/software","True"
"Software","software","Network Monitoring Tool","network-monitoring-tool","Network Monitoring Tool","network-monitoring-tool","Network Monitoring Tool","network-monitoring-tool","/collections/network-monitoring-tool","software","/pages/software","True"
"Software","software","Network Security Software","network-security-software","Network Security Software","network-security-software","Network Security Software","network-security-software","/collections/network-security-software","software","/pages/software","True"
"Software","software","Network Troubleshooting Software","network-troubleshooting-software","Network Troubleshooting Software","network-troubleshooting-software","Network Troubleshooting Software","network-troubleshooting-software","/collections/network-troubleshooting-software","software","/pages/software","True"
"Software","software","Neurology EMR Software","neurology-emr-software","Neurology EMR Software","neurology-emr-software","Neurology EMR Software","neurology-emr-software","/collections/neurology-emr-software","software","/pages/software","True"
"Software","software","NFT Creation Software","nft-creation-software","NFT Creation Software","nft-creation-software","NFT Creation Software","nft-creation-software","/collections/nft-creation-software","software","/pages/software","True"
"Software","software","No-Code Development Platforms","no-code-development-platforms","No-Code Development Platforms","no-code-development-platforms","No-Code Development Platforms","no-code-development-platforms","/collections/no-code-development-platforms","software","/pages/software","True"
"Software","software","Nonprofit Accounting Software","nonprofit-accounting-software","Nonprofit Accounting Software","nonprofit-accounting-software","Nonprofit Accounting Software","nonprofit-accounting-software","/collections/nonprofit-accounting-software","software","/pages/software","True"
"Software","software","Nonprofit CRM Software","nonprofit-crm-software","Nonprofit CRM Software","nonprofit-crm-software","Nonprofit CRM Software","nonprofit-crm-software","/collections/nonprofit-crm-software","software","/pages/software","True"
"Software","software","Nonprofit Project Management Software","nonprofit-project-management-software","Nonprofit Project Management Software","nonprofit-project-management-software","Nonprofit Project Management Software","nonprofit-project-management-software","/collections/nonprofit-project-management-software","software","/pages/software","True"
"Software","software","Nonprofit Software","nonprofit-software","Nonprofit Software","nonprofit-software","Nonprofit Software","nonprofit-software","/collections/nonprofit-software","software","/pages/software","True"
"Software","software","NoSQL Databases Software","nosql-databases-software","NoSQL Databases Software","nosql-databases-software","NoSQL Databases Software","nosql-databases-software","/collections/nosql-databases-software","software","/pages/software","True"
"Software","software","Note-Taking Software","note-taking-software","Note-Taking Software","note-taking-software","Note-Taking Software","note-taking-software","/collections/note-taking-software","software","/pages/software","True"
"Software","software","Observability Tools","observability-tools","Observability Tools","observability-tools","Observability Tools","observability-tools","/collections/observability-tools","software","/pages/software","True"
"Software","software","Occupational Health Software","occupational-health-software","Occupational Health Software","occupational-health-software","Occupational Health Software","occupational-health-software","/collections/occupational-health-software","software","/pages/software","True"
"Software","software","Occupational Therapy Software","occupational-therapy-software","Occupational Therapy Software","occupational-therapy-software","Occupational Therapy Software","occupational-therapy-software","/collections/occupational-therapy-software","software","/pages/software","True"
"Software","software","OCR Software","ocr-software","OCR Software","ocr-software","OCR Software","ocr-software","/collections/ocr-software","software","/pages/software","True"
"Software","software","OEE Software","oee-software","OEE Software","oee-software","OEE Software","oee-software","/collections/oee-software","software","/pages/software","True"
"Software","software","Oil and Gas Software","oil-and-gas-software","Oil and Gas Software","oil-and-gas-software","Oil and Gas Software","oil-and-gas-software","/collections/oil-and-gas-software","software","/pages/software","True"
"Software","software","OKR Software","okr-software","OKR Software","okr-software","OKR Software","okr-software","/collections/okr-software","software","/pages/software","True"
"Software","software","Onboard Board Management Software","onboard-board-management-software","Onboard Board Management Software","onboard-board-management-software","Onboard Board Management Software","onboard-board-management-software","/collections/onboard-board-management-software","software","/pages/software","True"
"Software","software","Onboarding Software","onboarding-software","Onboarding Software","onboarding-software","Onboarding Software","onboarding-software","/collections/onboarding-software","software","/pages/software","True"
"Software","software","Online Banking Software","online-banking-software","Online Banking Software","online-banking-software","Online Banking Software","online-banking-software","/collections/online-banking-software","software","/pages/software","True"
"Software","software","Online CRM Software","online-crm-software","Online CRM Software","online-crm-software","Online CRM Software","online-crm-software","/collections/online-crm-software","software","/pages/software","True"
"Software","software","Online Ordering Software","online-ordering-software","Online Ordering Software","online-ordering-software","Online Ordering Software","online-ordering-software","/collections/online-ordering-software","software","/pages/software","True"
"Software","software","Online Proofing Software","online-proofing-software","Online Proofing Software","online-proofing-software","Online Proofing Software","online-proofing-software","/collections/online-proofing-software","software","/pages/software","True"
"Software","software","Operating Systems Software","operating-systems-software","Operating Systems Software","operating-systems-software","Operating Systems Software","operating-systems-software","/collections/operating-systems-software","software","/pages/software","True"
"Software","software","Ophthalmology EMR Software","ophthalmology-emr-software","Ophthalmology EMR Software","ophthalmology-emr-software","Ophthalmology EMR Software","ophthalmology-emr-software","/collections/ophthalmology-emr-software","software","/pages/software","True"
"Software","software","Optometry Software","optometry-software","Optometry Software","optometry-software","Optometry Software","optometry-software","/collections/optometry-software","software","/pages/software","True"
"Software","software","Order Entry Software","order-entry-software","Order Entry Software","order-entry-software","Order Entry Software","order-entry-software","/collections/order-entry-software","software","/pages/software","True"
"Software","software","Order Fulfillment Software","order-fulfillment-software","Order Fulfillment Software","order-fulfillment-software","Order Fulfillment Software","order-fulfillment-software","/collections/order-fulfillment-software","software","/pages/software","True"
"Software","software","Order Management System","order-management-system","Order Management System","order-management-system","Order Management System","order-management-system","/collections/order-management-system","software","/pages/software","True"
"Software","software","Org Chart Software","org-chart-software","Org Chart Software","org-chart-software","Org Chart Software","org-chart-software","/collections/org-chart-software","software","/pages/software","True"
"Software","software","Orthopedic EMR Software","orthopedic-emr-software","Orthopedic EMR Software","orthopedic-emr-software","Orthopedic EMR Software","orthopedic-emr-software","/collections/orthopedic-emr-software","software","/pages/software","True"
"Software","software","Packaging Software","packaging-software","Packaging Software","packaging-software","Packaging Software","packaging-software","/collections/packaging-software","software","/pages/software","True"
"Software","software","PACS Software","pacs-software","PACS Software","pacs-software","PACS Software","pacs-software","/collections/pacs-software","software","/pages/software","True"
"Software","software","Pain Management EMR Software","pain-management-emr-software","Pain Management EMR Software","pain-management-emr-software","Pain Management EMR Software","pain-management-emr-software","/collections/pain-management-emr-software","software","/pages/software","True"
"Software","software","Parcel Audit Software","parcel-audit-software","Parcel Audit Software","parcel-audit-software","Parcel Audit Software","parcel-audit-software","/collections/parcel-audit-software","software","/pages/software","True"
"Software","software","Parking Management Software","parking-management-software","Parking Management Software","parking-management-software","Parking Management Software","parking-management-software","/collections/parking-management-software","software","/pages/software","True"
"Software","software","Parks and Recreation Software","parks-and-recreation-software","Parks and Recreation Software","parks-and-recreation-software","Parks and Recreation Software","parks-and-recreation-software","/collections/parks-and-recreation-software","software","/pages/software","True"
"Software","software","Partner Management Software","partner-management-software","Partner Management Software","partner-management-software","Partner Management Software","partner-management-software","/collections/partner-management-software","software","/pages/software","True"
"Software","software","Password Management Software","password-management-software","Password Management Software","password-management-software","Password Management Software","password-management-software","/collections/password-management-software","software","/pages/software","True"
"Software","software","Patch Management Software","patch-management-software","Patch Management Software","patch-management-software","Patch Management Software","patch-management-software","/collections/patch-management-software","software","/pages/software","True"
"Software","software","Patient Case Management Software","patient-case-management-software","Patient Case Management Software","patient-case-management-software","Patient Case Management Software","patient-case-management-software","/collections/patient-case-management-software","software","/pages/software","True"
"Software","software","Patient Engagement Software","patient-engagement-software","Patient Engagement Software","patient-engagement-software","Patient Engagement Software","patient-engagement-software","/collections/patient-engagement-software","software","/pages/software","True"
"Software","software","Patient Management Software","patient-management-software","Patient Management Software","patient-management-software","Patient Management Software","patient-management-software","/collections/patient-management-software","software","/pages/software","True"
"Software","software","Patient Portal Software","patient-portal-software","Patient Portal Software","patient-portal-software","Patient Portal Software","patient-portal-software","/collections/patient-portal-software","software","/pages/software","True"
"Software","software","Patient Scheduling Software","patient-scheduling-software","Patient Scheduling Software","patient-scheduling-software","Patient Scheduling Software","patient-scheduling-software","/collections/patient-scheduling-software","software","/pages/software","True"
"Software","software","Pawn Shop Software","pawn-shop-software","Pawn Shop Software","pawn-shop-software","Pawn Shop Software","pawn-shop-software","/collections/pawn-shop-software","software","/pages/software","True"
"Software","software","Payment Processing Software","payment-processing-software","Payment Processing Software","payment-processing-software","Payment Processing Software","payment-processing-software","/collections/payment-processing-software","software","/pages/software","True"
"Software","software","Payroll Software","payroll-software","Payroll Software","payroll-software","Payroll Software","payroll-software","/collections/payroll-software","software","/pages/software","True"
"Software","software","PCI Compliance Software","pci-compliance-software","PCI Compliance Software","pci-compliance-software","PCI Compliance Software","pci-compliance-software","/collections/pci-compliance-software","software","/pages/software","True"
"Software","software","PDF Editor Software","pdf-editor-software","PDF Editor Software","pdf-editor-software","PDF Editor Software","pdf-editor-software","/collections/pdf-editor-software","software","/pages/software","True"
"Software","software","PDF Software","pdf-software","PDF Software","pdf-software","PDF Software","pdf-software","/collections/pdf-software","software","/pages/software","True"
"Software","software","Pediatric Software","pediatric-software","Pediatric Software","pediatric-software","Pediatric Software","pediatric-software","/collections/pediatric-software","software","/pages/software","True"
"Software","software","Penetration Testing","penetration-testing","Penetration Testing","penetration-testing","Penetration Testing","penetration-testing","/collections/penetration-testing","software","/pages/software","True"
"Software","software","PEO Software","peo-software","PEO Software","peo-software","PEO Software","peo-software","/collections/peo-software","software","/pages/software","True"
"Software","software","Performance Management System","performance-management-system","Performance Management System","performance-management-system","Performance Management System","performance-management-system","/collections/performance-management-system","software","/pages/software","True"
"Software","software","Performance Testing Software","performance-testing-software","Performance Testing Software","performance-testing-software","Performance Testing Software","performance-testing-software","/collections/performance-testing-software","software","/pages/software","True"
"Software","software","Permit Software","permit-software","Permit Software","permit-software","Permit Software","permit-software","/collections/permit-software","software","/pages/software","True"
"Software","software","Personal Trainer Software","personal-trainer-software","Personal Trainer Software","personal-trainer-software","Personal Trainer Software","personal-trainer-software","/collections/personal-trainer-software","software","/pages/software","True"
"Software","software","Personalization Software","personalization-software","Personalization Software","personalization-software","Personalization Software","personalization-software","/collections/personalization-software","software","/pages/software","True"
"Software","software","Pest Control Software","pest-control-software","Pest Control Software","pest-control-software","Pest Control Software","pest-control-software","/collections/pest-control-software","software","/pages/software","True"
"Software","software","Pet Grooming Software","pet-grooming-software","Pet Grooming Software","pet-grooming-software","Pet Grooming Software","pet-grooming-software","/collections/pet-grooming-software","software","/pages/software","True"
"Software","software","Pet Sitting Software","pet-sitting-software","Pet Sitting Software","pet-sitting-software","Pet Sitting Software","pet-sitting-software","/collections/pet-sitting-software","software","/pages/software","True"
"Software","software","Pharmacy Software","pharmacy-software","Pharmacy Software","pharmacy-software","Pharmacy Software","pharmacy-software","/collections/pharmacy-software","software","/pages/software","True"
"Software","software","Photo Editing Software","photo-editing-software","Photo Editing Software","photo-editing-software","Photo Editing Software","photo-editing-software","/collections/photo-editing-software","software","/pages/software","True"
"Software","software","Photography Studio Software","photography-studio-software","Photography Studio Software","photography-studio-software","Photography Studio Software","photography-studio-software","/collections/photography-studio-software","software","/pages/software","True"
"Software","software","Physical Security Software","physical-security-software","Physical Security Software","physical-security-software","Physical Security Software","physical-security-software","/collections/physical-security-software","software","/pages/software","True"
"Software","software","Physical Therapy Software","physical-therapy-software","Physical Therapy Software","physical-therapy-software","Physical Therapy Software","physical-therapy-software","/collections/physical-therapy-software","software","/pages/software","True"
"Software","software","Pilates Studio Software","pilates-studio-software","Pilates Studio Software","pilates-studio-software","Pilates Studio Software","pilates-studio-software","/collections/pilates-studio-software","software","/pages/software","True"
"Software","software","Plagiarism Checker Software","plagiarism-checker-software","Plagiarism Checker Software","plagiarism-checker-software","Plagiarism Checker Software","plagiarism-checker-software","/collections/plagiarism-checker-software","software","/pages/software","True"
"Software","software","Plastic Surgery Software","plastic-surgery-software","Plastic Surgery Software","plastic-surgery-software","Plastic Surgery Software","plastic-surgery-software","/collections/plastic-surgery-software","software","/pages/software","True"
"Software","software","Plumbing Estimating Software","plumbing-estimating-software","Plumbing Estimating Software","plumbing-estimating-software","Plumbing Estimating Software","plumbing-estimating-software","/collections/plumbing-estimating-software","software","/pages/software","True"
"Software","software","Plumbing Software","plumbing-software","Plumbing Software","plumbing-software","Plumbing Software","plumbing-software","/collections/plumbing-software","software","/pages/software","True"
"Software","software","Podcast Hosting Software","podcast-hosting-software","Podcast Hosting Software","podcast-hosting-software","Podcast Hosting Software","podcast-hosting-software","/collections/podcast-hosting-software","software","/pages/software","True"
"Software","software","Podiatry EMR Software","podiatry-emr-software","Podiatry EMR Software","podiatry-emr-software","Podiatry EMR Software","podiatry-emr-software","/collections/podiatry-emr-software","software","/pages/software","True"
"Software","software","Podiatry Software","podiatry-software","Podiatry Software","podiatry-software","Podiatry Software","podiatry-software","/collections/podiatry-software","software","/pages/software","True"
"Software","software","Point of Sale Software","point-of-sale-software","Point of Sale Software","point-of-sale-software","Point of Sale Software","point-of-sale-software","/collections/point-of-sale-software","software","/pages/software","True"
"Software","software","Policy Management Software","policy-management-software","Policy Management Software","policy-management-software","Policy Management Software","policy-management-software","/collections/policy-management-software","software","/pages/software","True"
"Software","software","Political Campaign Software","political-campaign-software","Political Campaign Software","political-campaign-software","Political Campaign Software","political-campaign-software","/collections/political-campaign-software","software","/pages/software","True"
"Software","software","Polling Software","polling-software","Polling Software","polling-software","Polling Software","polling-software","/collections/polling-software","software","/pages/software","True"
"Software","software","Pool Service Software","pool-service-software","Pool Service Software","pool-service-software","Pool Service Software","pool-service-software","/collections/pool-service-software","software","/pages/software","True"
"Software","software","Portal Software","portal-software","Portal Software","portal-software","Portal Software","portal-software","/collections/portal-software","software","/pages/software","True"
"Software","software","PPC Software","ppc-software","PPC Software","ppc-software","PPC Software","ppc-software","/collections/ppc-software","software","/pages/software","True"
"Software","software","Predictive Analytics Software","predictive-analytics-software","Predictive Analytics Software","predictive-analytics-software","Predictive Analytics Software","predictive-analytics-software","/collections/predictive-analytics-software","software","/pages/software","True"
"Software","software","Predictive Dialer Software","predictive-dialer-software","Predictive Dialer Software","predictive-dialer-software","Predictive Dialer Software","predictive-dialer-software","/collections/predictive-dialer-software","software","/pages/software","True"
"Software","software","Predictive Lead Scoring Software","predictive-lead-scoring-software","Predictive Lead Scoring Software","predictive-lead-scoring-software","Predictive Lead Scoring Software","predictive-lead-scoring-software","/collections/predictive-lead-scoring-software","software","/pages/software","True"
"Software","software","Pre-employment Testing Software","pre-employment-testing-software","Pre-employment Testing Software","pre-employment-testing-software","Pre-employment Testing Software","pre-employment-testing-software","/collections/pre-employment-testing-software","software","/pages/software","True"
"Software","software","Presentation Software","presentation-software","Presentation Software","presentation-software","Presentation Software","presentation-software","/collections/presentation-software","software","/pages/software","True"
"Software","software","Preventive Maintenance Software","preventive-maintenance-software","Preventive Maintenance Software","preventive-maintenance-software","Preventive Maintenance Software","preventive-maintenance-software","/collections/preventive-maintenance-software","software","/pages/software","True"
"Software","software","Pricing Optimization Software","pricing-optimization-software","Pricing Optimization Software","pricing-optimization-software","Pricing Optimization Software","pricing-optimization-software","/collections/pricing-optimization-software","software","/pages/software","True"
"Software","software","Primary Care EHR Software","primary-care-ehr-software","Primary Care EHR Software","primary-care-ehr-software","Primary Care EHR Software","primary-care-ehr-software","/collections/primary-care-ehr-software","software","/pages/software","True"
"Software","software","Print Estimating Software","print-estimating-software","Print Estimating Software","print-estimating-software","Print Estimating Software","print-estimating-software","/collections/print-estimating-software","software","/pages/software","True"
"Software","software","Print Management Software","print-management-software","Print Management Software","print-management-software","Print Management Software","print-management-software","/collections/print-management-software","software","/pages/software","True"
"Software","software","Privileged Access Management Software","privileged-access-management-software","Privileged Access Management Software","privileged-access-management-software","Privileged Access Management Software","privileged-access-management-software","/collections/privileged-access-management-software","software","/pages/software","True"
"Software","software","Proctoring Software","proctoring-software","Proctoring Software","proctoring-software","Proctoring Software","proctoring-software","/collections/proctoring-software","software","/pages/software","True"
"Software","software","Procure to Pay Software","procure-to-pay-software","Procure to Pay Software","procure-to-pay-software","Procure to Pay Software","procure-to-pay-software","/collections/procure-to-pay-software","software","/pages/software","True"
"Software","software","Procurement Software","procurement-software","Procurement Software","procurement-software","Procurement Software","procurement-software","/collections/procurement-software","software","/pages/software","True"
"Software","software","Product Analytics Software","product-analytics-software","Product Analytics Software","product-analytics-software","Product Analytics Software","product-analytics-software","/collections/product-analytics-software","software","/pages/software","True"
"Software","software","Product Configurator Software","product-configurator-software","Product Configurator Software","product-configurator-software","Product Configurator Software","product-configurator-software","/collections/product-configurator-software","software","/pages/software","True"
"Software","software","Product Data Management Software","product-data-management-software","Product Data Management Software","product-data-management-software","Product Data Management Software","product-data-management-software","/collections/product-data-management-software","software","/pages/software","True"
"Software","software","Product Information Management (PIM) Systems","product-information-management-pim-systems","Product Information Management (PIM) Systems","product-information-management-pim-systems","Product Information Management (PIM) Systems","product-information-management-pim-systems","/collections/product-information-management-pim-systems","software","/pages/software","True"
"Software","software","Product Lifecycle Management Software","product-lifecycle-management-software","Product Lifecycle Management Software","product-lifecycle-management-software","Product Lifecycle Management Software","product-lifecycle-management-software","/collections/product-lifecycle-management-software","software","/pages/software","True"
"Software","software","Product Management Software","product-management-software","Product Management Software","product-management-software","Product Management Software","product-management-software","/collections/product-management-software","software","/pages/software","True"
"Software","software","Product Roadmap Software","product-roadmap-software","Product Roadmap Software","product-roadmap-software","Product Roadmap Software","product-roadmap-software","/collections/product-roadmap-software","software","/pages/software","True"
"Software","software","Production Scheduling Software","production-scheduling-software","Production Scheduling Software","production-scheduling-software","Production Scheduling Software","production-scheduling-software","/collections/production-scheduling-software","software","/pages/software","True"
"Software","software","Productivity Software","productivity-software","Productivity Software","productivity-software","Productivity Software","productivity-software","/collections/productivity-software","software","/pages/software","True"
"Software","software","Professional Services Automation Software","professional-services-automation-software","Professional Services Automation Software","professional-services-automation-software","Professional Services Automation Software","professional-services-automation-software","/collections/professional-services-automation-software","software","/pages/software","True"
"Software","software","Project Accounting Software","project-accounting-software","Project Accounting Software","project-accounting-software","Project Accounting Software","project-accounting-software","/collections/project-accounting-software","software","/pages/software","True"
"Software","software","Project Management Software","project-management-software","Project Management Software","project-management-software","Project Management Software","project-management-software","/collections/project-management-software","software","/pages/software","True"
"Software","software","Project Planning Software","project-planning-software","Project Planning Software","project-planning-software","Project Planning Software","project-planning-software","/collections/project-planning-software","software","/pages/software","True"
"Software","software","Project Portfolio Management Software","project-portfolio-management-software","Project Portfolio Management Software","project-portfolio-management-software","Project Portfolio Management Software","project-portfolio-management-software","/collections/project-portfolio-management-software","software","/pages/software","True"
"Software","software","Project Tracking Software","project-tracking-software","Project Tracking Software","project-tracking-software","Project Tracking Software","project-tracking-software","/collections/project-tracking-software","software","/pages/software","True"
"Software","software","Proofreading Software","proofreading-software","Proofreading Software","proofreading-software","Proofreading Software","proofreading-software","/collections/proofreading-software","software","/pages/software","True"
"Software","software","Property and Casualty (P&C) Insurance Software","property-and-casualty-pc-insurance-software","Property and Casualty (P&C) Insurance Software","property-and-casualty-pc-insurance-software","Property and Casualty (P&C) Insurance Software","property-and-casualty-pc-insurance-software","/collections/property-and-casualty-pc-insurance-software","software","/pages/software","True"
"Software","software","Property Management Accounting Software","property-management-accounting-software","Property Management Accounting Software","property-management-accounting-software","Property Management Accounting Software","property-management-accounting-software","/collections/property-management-accounting-software","software","/pages/software","True"
"Software","software","Property Management Software","property-management-software","Property Management Software","property-management-software","Property Management Software","property-management-software","/collections/property-management-software","software","/pages/software","True"
"Software","software","Proposal Management Software","proposal-management-software","Proposal Management Software","proposal-management-software","Proposal Management Software","proposal-management-software","/collections/proposal-management-software","software","/pages/software","True"
"Software","software","Prototyping Software","prototyping-software","Prototyping Software","prototyping-software","Prototyping Software","prototyping-software","/collections/prototyping-software","software","/pages/software","True"
"Software","software","Psychiatry Electronic Medical Records Software","psychiatry-electronic-medical-records-software","Psychiatry Electronic Medical Records Software","psychiatry-electronic-medical-records-software","Psychiatry Electronic Medical Records Software","psychiatry-electronic-medical-records-software","/collections/psychiatry-electronic-medical-records-software","software","/pages/software","True"
"Software","software","Public Relations Software","public-relations-software","Public Relations Software","public-relations-software","Public Relations Software","public-relations-software","/collections/public-relations-software","software","/pages/software","True"
"Software","software","Public Transportation Software","public-transportation-software","Public Transportation Software","public-transportation-software","Public Transportation Software","public-transportation-software","/collections/public-transportation-software","software","/pages/software","True"
"Software","software","Public Works Software","public-works-software","Public Works Software","public-works-software","Public Works Software","public-works-software","/collections/public-works-software","software","/pages/software","True"
"Software","software","Publishing and Subscriptions Software","publishing-and-subscriptions-software","Publishing and Subscriptions Software","publishing-and-subscriptions-software","Publishing and Subscriptions Software","publishing-and-subscriptions-software","/collections/publishing-and-subscriptions-software","software","/pages/software","True"
"Software","software","Punch List Software","punch-list-software","Punch List Software","punch-list-software","Punch List Software","punch-list-software","/collections/punch-list-software","software","/pages/software","True"
"Software","software","Purchasing Software","purchasing-software","Purchasing Software","purchasing-software","Purchasing Software","purchasing-software","/collections/purchasing-software","software","/pages/software","True"
"Software","software","Push Notifications Software","push-notifications-software","Push Notifications Software","push-notifications-software","Push Notifications Software","push-notifications-software","/collections/push-notifications-software","software","/pages/software","True"
"Software","software","Qualitative Data Analysis Software","qualitative-data-analysis-software","Qualitative Data Analysis Software","qualitative-data-analysis-software","Qualitative Data Analysis Software","qualitative-data-analysis-software","/collections/qualitative-data-analysis-software","software","/pages/software","True"
"Software","software","Quality Management System","quality-management-system","Quality Management System","quality-management-system","Quality Management System","quality-management-system","/collections/quality-management-system","software","/pages/software","True"
"Software","software","Quoting Software","quoting-software","Quoting Software","quoting-software","Quoting Software","quoting-software","/collections/quoting-software","software","/pages/software","True"
"Software","software","Radiology Software","radiology-software","Radiology Software","radiology-software","Radiology Software","radiology-software","/collections/radiology-software","software","/pages/software","True"
"Software","software","RDBMS Software","rdbms-software","RDBMS Software","rdbms-software","RDBMS Software","rdbms-software","/collections/rdbms-software","software","/pages/software","True"
"Software","software","Real Estate Accounting Software","real-estate-accounting-software","Real Estate Accounting Software","real-estate-accounting-software","Real Estate Accounting Software","real-estate-accounting-software","/collections/real-estate-accounting-software","software","/pages/software","True"
"Software","software","Real Estate Agency Software","real-estate-agency-software","Real Estate Agency Software","real-estate-agency-software","Real Estate Agency Software","real-estate-agency-software","/collections/real-estate-agency-software","software","/pages/software","True"
"Software","software","Real Estate CMA Software","real-estate-cma-software","Real Estate CMA Software","real-estate-cma-software","Real Estate CMA Software","real-estate-cma-software","/collections/real-estate-cma-software","software","/pages/software","True"
"Software","software","Real Estate CRM Software","real-estate-crm-software","Real Estate CRM Software","real-estate-crm-software","Real Estate CRM Software","real-estate-crm-software","/collections/real-estate-crm-software","software","/pages/software","True"
"Software","software","Real Estate Property Management Software","real-estate-property-management-software","Real Estate Property Management Software","real-estate-property-management-software","Real Estate Property Management Software","real-estate-property-management-software","/collections/real-estate-property-management-software","software","/pages/software","True"
"Software","software","Real Estate Transaction Management Software","real-estate-transaction-management-software","Real Estate Transaction Management Software","real-estate-transaction-management-software","Real Estate Transaction Management Software","real-estate-transaction-management-software","/collections/real-estate-transaction-management-software","software","/pages/software","True"
"Software","software","Recruiting Agency Software","recruiting-agency-software","Recruiting Agency Software","recruiting-agency-software","Recruiting Agency Software","recruiting-agency-software","/collections/recruiting-agency-software","software","/pages/software","True"
"Software","software","Recruiting Software","recruiting-software","Recruiting Software","recruiting-software","Recruiting Software","recruiting-software","/collections/recruiting-software","software","/pages/software","True"
"Software","software","Recruitment Marketing Platforms","recruitment-marketing-platforms","Recruitment Marketing Platforms","recruitment-marketing-platforms","Recruitment Marketing Platforms","recruitment-marketing-platforms","/collections/recruitment-marketing-platforms","software","/pages/software","True"
"Software","software","Recurring Billing Software","recurring-billing-software","Recurring Billing Software","recurring-billing-software","Recurring Billing Software","recurring-billing-software","/collections/recurring-billing-software","software","/pages/software","True"
"Software","software","Recycling Software","recycling-software","Recycling Software","recycling-software","Recycling Software","recycling-software","/collections/recycling-software","software","/pages/software","True"
"Software","software","Reference Check Software","reference-check-software","Reference Check Software","reference-check-software","Reference Check Software","reference-check-software","/collections/reference-check-software","software","/pages/software","True"
"Software","software","Referral Software","referral-software","Referral Software","referral-software","Referral Software","referral-software","/collections/referral-software","software","/pages/software","True"
"Software","software","Registration Software","registration-software","Registration Software","registration-software","Registration Software","registration-software","/collections/registration-software","software","/pages/software","True"
"Software","software","Relocation Software","relocation-software","Relocation Software","relocation-software","Relocation Software","relocation-software","/collections/relocation-software","software","/pages/software","True"
"Software","software","Remodeling Estimating Software","remodeling-estimating-software","Remodeling Estimating Software","remodeling-estimating-software","Remodeling Estimating Software","remodeling-estimating-software","/collections/remodeling-estimating-software","software","/pages/software","True"
"Software","software","Remote Desktop Software","remote-desktop-software","Remote Desktop Software","remote-desktop-software","Remote Desktop Software","remote-desktop-software","/collections/remote-desktop-software","software","/pages/software","True"
"Software","software","Remote Monitoring and Management Software","remote-monitoring-and-management-software","Remote Monitoring and Management Software","remote-monitoring-and-management-software","Remote Monitoring and Management Software","remote-monitoring-and-management-software","/collections/remote-monitoring-and-management-software","software","/pages/software","True"
"Software","software","Remote Patient Monitoring Software","remote-patient-monitoring-software","Remote Patient Monitoring Software","remote-patient-monitoring-software","Remote Patient Monitoring Software","remote-patient-monitoring-software","/collections/remote-patient-monitoring-software","software","/pages/software","True"
"Software","software","Remote Support Software","remote-support-software","Remote Support Software","remote-support-software","Remote Support Software","remote-support-software","/collections/remote-support-software","software","/pages/software","True"
"Software","software","Remote Work Software","remote-work-software","Remote Work Software","remote-work-software","Remote Work Software","remote-work-software","/collections/remote-work-software","software","/pages/software","True"
"Software","software","Rental Software","rental-software","Rental Software","rental-software","Rental Software","rental-software","/collections/rental-software","software","/pages/software","True"
"Software","software","Reporting Tools","reporting-tools","Reporting Tools","reporting-tools","Reporting Tools","reporting-tools","/collections/reporting-tools","software","/pages/software","True"
"Software","software","Reputation Management Software","reputation-management-software","Reputation Management Software","reputation-management-software","Reputation Management Software","reputation-management-software","/collections/reputation-management-software","software","/pages/software","True"
"Software","software","Requirements Management Software","requirements-management-software","Requirements Management Software","requirements-management-software","Requirements Management Software","requirements-management-software","/collections/requirements-management-software","software","/pages/software","True"
"Software","software","Reservations Software","reservations-software","Reservations Software","reservations-software","Reservations Software","reservations-software","/collections/reservations-software","software","/pages/software","True"
"Software","software","Residential Construction Estimating Software","residential-construction-estimating-software","Residential Construction Estimating Software","residential-construction-estimating-software","Residential Construction Estimating Software","residential-construction-estimating-software","/collections/residential-construction-estimating-software","software","/pages/software","True"
"Software","software","Resource Management Software","resource-management-software","Resource Management Software","resource-management-software","Resource Management Software","resource-management-software","/collections/resource-management-software","software","/pages/software","True"
"Software","software","Restaurant Management Software","restaurant-management-software","Restaurant Management Software","restaurant-management-software","Restaurant Management Software","restaurant-management-software","/collections/restaurant-management-software","software","/pages/software","True"
"Software","software","SaaS Management Software","saas-management-software","SaaS Management Software","saas-management-software","SaaS Management Software","saas-management-software","/collections/saas-management-software","software","/pages/software","True"
"Software","software","Safety Management Software","safety-management-software","Safety Management Software","safety-management-software","Safety Management Software","safety-management-software","/collections/safety-management-software","software","/pages/software","True"
"Software","software","Sales Coaching Software","sales-coaching-software","Sales Coaching Software","sales-coaching-software","Sales Coaching Software","sales-coaching-software","/collections/sales-coaching-software","software","/pages/software","True"
"Software","software","Sales Content Management Software","sales-content-management-software","Sales Content Management Software","sales-content-management-software","Sales Content Management Software","sales-content-management-software","/collections/sales-content-management-software","software","/pages/software","True"
"Software","software","Sales Enablement Tool","sales-enablement-tool","Sales Enablement Tool","sales-enablement-tool","Sales Enablement Tool","sales-enablement-tool","/collections/sales-enablement-tool","software","/pages/software","True"
"Software","software","Sales Engagement Platform Software","sales-engagement-platform-software","Sales Engagement Platform Software","sales-engagement-platform-software","Sales Engagement Platform Software","sales-engagement-platform-software","/collections/sales-engagement-platform-software","software","/pages/software","True"
"Software","software","Sales Force Automation Software","sales-force-automation-software","Sales Force Automation Software","sales-force-automation-software","Sales Force Automation Software","sales-force-automation-software","/collections/sales-force-automation-software","software","/pages/software","True"
"Software","software","Sales Forecasting Software","sales-forecasting-software","Sales Forecasting Software","sales-forecasting-software","Sales Forecasting Software","sales-forecasting-software","/collections/sales-forecasting-software","software","/pages/software","True"
"Software","software","Sales Intelligence Tools","sales-intelligence-tools","Sales Intelligence Tools","sales-intelligence-tools","Sales Intelligence Tools","sales-intelligence-tools","/collections/sales-intelligence-tools","software","/pages/software","True"
"Software","software","Sales Performance Management Software","sales-performance-management-software","Sales Performance Management Software","sales-performance-management-software","Sales Performance Management Software","sales-performance-management-software","/collections/sales-performance-management-software","software","/pages/software","True"
"Software","software","Sales Tax Software","sales-tax-software","Sales Tax Software","sales-tax-software","Sales Tax Software","sales-tax-software","/collections/sales-tax-software","software","/pages/software","True"
"Software","software","Sales Tracking Software","sales-tracking-software","Sales Tracking Software","sales-tracking-software","Sales Tracking Software","sales-tracking-software","/collections/sales-tracking-software","software","/pages/software","True"
"Software","software","Salon Software","salon-software","Salon Software","salon-software","Salon Software","salon-software","/collections/salon-software","software","/pages/software","True"
"Software","software","SCADA Software","scada-software","SCADA Software","scada-software","SCADA Software","scada-software","/collections/scada-software","software","/pages/software","True"
"Software","software","Scheduling Software","scheduling-software","Scheduling Software","scheduling-software","Scheduling Software","scheduling-software","/collections/scheduling-software","software","/pages/software","True"
"Software","software","Scholarship Management Software","scholarship-management-software","Scholarship Management Software","scholarship-management-software","Scholarship Management Software","scholarship-management-software","/collections/scholarship-management-software","software","/pages/software","True"
"Software","software","School Accounting Software","school-accounting-software","School Accounting Software","school-accounting-software","School Accounting Software","school-accounting-software","/collections/school-accounting-software","software","/pages/software","True"
"Software","software","School Bus Routing Software","school-bus-routing-software","School Bus Routing Software","school-bus-routing-software","School Bus Routing Software","school-bus-routing-software","/collections/school-bus-routing-software","software","/pages/software","True"
"Software","software","School Facilities Management","school-facilities-management","School Facilities Management","school-facilities-management","School Facilities Management","school-facilities-management","/collections/school-facilities-management","software","/pages/software","True"
"Software","software","School Management Software","school-management-software","School Management Software","school-management-software","School Management Software","school-management-software","/collections/school-management-software","software","/pages/software","True"
"Software","software","Screen Recording Software","screen-recording-software","Screen Recording Software","screen-recording-software","Screen Recording Software","screen-recording-software","/collections/screen-recording-software","software","/pages/software","True"
"Software","software","Screen Sharing Software","screen-sharing-software","Screen Sharing Software","screen-sharing-software","Screen Sharing Software","screen-sharing-software","/collections/screen-sharing-software","software","/pages/software","True"
"Software","software","Screenwriting Software","screenwriting-software","Screenwriting Software","screenwriting-software","Screenwriting Software","screenwriting-software","/collections/screenwriting-software","software","/pages/software","True"
"Software","software","Scrum Software","scrum-software","Scrum Software","scrum-software","Scrum Software","scrum-software","/collections/scrum-software","software","/pages/software","True"
"Software","software","Secure Email Gateway Software","secure-email-gateway-software","Secure Email Gateway Software","secure-email-gateway-software","Secure Email Gateway Software","secure-email-gateway-software","/collections/secure-email-gateway-software","software","/pages/software","True"
"Software","software","Security Awareness Training Software","security-awareness-training-software","Security Awareness Training Software","security-awareness-training-software","Security Awareness Training Software","security-awareness-training-software","/collections/security-awareness-training-software","software","/pages/software","True"
"Software","software","Security Orchestration Automation and Response (SOAR) Software","security-orchestration-automation-and-response-soar-software","Security Orchestration Automation and Response (SOAR) Software","security-orchestration-automation-and-response-soar-software","Security Orchestration Automation and Response (SOAR) Software","security-orchestration-automation-and-response-soar-software","/collections/security-orchestration-automation-and-response-soar-software","software","/pages/software","True"
"Software","software","Security System Installer Software","security-system-installer-software","Security System Installer Software","security-system-installer-software","Security System Installer Software","security-system-installer-software","/collections/security-system-installer-software","software","/pages/software","True"
"Software","software","Self Storage Software","self-storage-software","Self Storage Software","self-storage-software","Self Storage Software","self-storage-software","/collections/self-storage-software","software","/pages/software","True"
"Software","software","Self-Service Password Reset (SSPR) Software","self-service-password-reset-sspr-software","Self-Service Password Reset (SSPR) Software","self-service-password-reset-sspr-software","Self-Service Password Reset (SSPR) Software","self-service-password-reset-sspr-software","/collections/self-service-password-reset-sspr-software","software","/pages/software","True"
"Software","software","SEO Software","seo-software","SEO Software","seo-software","SEO Software","seo-software","/collections/seo-software","software","/pages/software","True"
"Software","software","Server Backup Software","server-backup-software","Server Backup Software","server-backup-software","Server Backup Software","server-backup-software","/collections/server-backup-software","software","/pages/software","True"
"Software","software","Server Management Software","server-management-software","Server Management Software","server-management-software","Server Management Software","server-management-software","/collections/server-management-software","software","/pages/software","True"
"Software","software","Server Monitoring Software","server-monitoring-software","Server Monitoring Software","server-monitoring-software","Server Monitoring Software","server-monitoring-software","/collections/server-monitoring-software","software","/pages/software","True"
"Software","software","Service Desk Software","service-desk-software","Service Desk Software","service-desk-software","Service Desk Software","service-desk-software","/collections/service-desk-software","software","/pages/software","True"
"Software","software","Service Dispatch Software","service-dispatch-software","Service Dispatch Software","service-dispatch-software","Service Dispatch Software","service-dispatch-software","/collections/service-dispatch-software","software","/pages/software","True"
"Software","software","Shipment Tracking Software","shipment-tracking-software","Shipment Tracking Software","shipment-tracking-software","Shipment Tracking Software","shipment-tracking-software","/collections/shipment-tracking-software","software","/pages/software","True"
"Software","software","Shipping Software","shipping-software","Shipping Software","shipping-software","Shipping Software","shipping-software","/collections/shipping-software","software","/pages/software","True"
"Software","software","Shopping Cart Software","shopping-cart-software","Shopping Cart Software","shopping-cart-software","Shopping Cart Software","shopping-cart-software","/collections/shopping-cart-software","software","/pages/software","True"
"Software","software","SIEM Software","siem-software","SIEM Software","siem-software","SIEM Software","siem-software","/collections/siem-software","software","/pages/software","True"
"Software","software","Simulation Software","simulation-software","Simulation Software","simulation-software","Simulation Software","simulation-software","/collections/simulation-software","software","/pages/software","True"
"Software","software","Single Sign On (SSO) Software","single-sign-on-sso-software","Single Sign On (SSO) Software","single-sign-on-sso-software","Single Sign On (SSO) Software","single-sign-on-sso-software","/collections/single-sign-on-sso-software","software","/pages/software","True"
"Software","software","Small Business CRM Software","small-business-crm-software","Small Business CRM Software","small-business-crm-software","Small Business CRM Software","small-business-crm-software","/collections/small-business-crm-software","software","/pages/software","True"
"Software","software","Small Business Loyalty Programs Software","small-business-loyalty-programs-software","Small Business Loyalty Programs Software","small-business-loyalty-programs-software","Small Business Loyalty Programs Software","small-business-loyalty-programs-software","/collections/small-business-loyalty-programs-software","software","/pages/software","True"
"Software","software","Small Business Manufacturing Software","small-business-manufacturing-software","Small Business Manufacturing Software","small-business-manufacturing-software","Small Business Manufacturing Software","small-business-manufacturing-software","/collections/small-business-manufacturing-software","software","/pages/software","True"
"Software","software","Small Business Payroll Software","small-business-payroll-software","Small Business Payroll Software","small-business-payroll-software","Small Business Payroll Software","small-business-payroll-software","/collections/small-business-payroll-software","software","/pages/software","True"
"Software","software","SMS Marketing Software","sms-marketing-software","SMS Marketing Software","sms-marketing-software","SMS Marketing Software","sms-marketing-software","/collections/sms-marketing-software","software","/pages/software","True"
"Software","software","SMS Survey Software","sms-survey-software","SMS Survey Software","sms-survey-software","SMS Survey Software","sms-survey-software","/collections/sms-survey-software","software","/pages/software","True"
"Software","software","Social CRM Tools","social-crm-tools","Social CRM Tools","social-crm-tools","Social CRM Tools","social-crm-tools","/collections/social-crm-tools","software","/pages/software","True"
"Software","software","Social Listening Tools","social-listening-tools","Social Listening Tools","social-listening-tools","Social Listening Tools","social-listening-tools","/collections/social-listening-tools","software","/pages/software","True"
"Software","software","Social Media Analytics Tools","social-media-analytics-tools","Social Media Analytics Tools","social-media-analytics-tools","Social Media Analytics Tools","social-media-analytics-tools","/collections/social-media-analytics-tools","software","/pages/software","True"
"Software","software","Social Media Management Software","social-media-management-software","Social Media Management Software","social-media-management-software","Social Media Management Software","social-media-management-software","/collections/social-media-management-software","software","/pages/software","True"
"Software","software","Social Media Marketing Software","social-media-marketing-software","Social Media Marketing Software","social-media-marketing-software","Social Media Marketing Software","social-media-marketing-software","/collections/social-media-marketing-software","software","/pages/software","True"
"Software","software","Social Media Monitoring Software","social-media-monitoring-software","Social Media Monitoring Software","social-media-monitoring-software","Social Media Monitoring Software","social-media-monitoring-software","/collections/social-media-monitoring-software","software","/pages/software","True"
"Software","software","Social Networking Software","social-networking-software","Social Networking Software","social-networking-software","Social Networking Software","social-networking-software","/collections/social-networking-software","software","/pages/software","True"
"Software","software","Social Selling Software","social-selling-software","Social Selling Software","social-selling-software","Social Selling Software","social-selling-software","/collections/social-selling-software","software","/pages/software","True"
"Software","software","Social Work Case Management Software","social-work-case-management-software","Social Work Case Management Software","social-work-case-management-software","Social Work Case Management Software","social-work-case-management-software","/collections/social-work-case-management-software","software","/pages/software","True"
"Software","software","Softphone Software","softphone-software","Softphone Software","softphone-software","Softphone Software","softphone-software","/collections/softphone-software","software","/pages/software","True"
"Software","software","Solar Software","solar-software","Solar Software","solar-software","Solar Software","solar-software","/collections/solar-software","software","/pages/software","True"
"Software","software","Source Code Management Software","source-code-management-software","Source Code Management Software","source-code-management-software","Source Code Management Software","source-code-management-software","/collections/source-code-management-software","software","/pages/software","True"
"Software","software","Sourcing Software","sourcing-software","Sourcing Software","sourcing-software","Sourcing Software","sourcing-software","/collections/sourcing-software","software","/pages/software","True"
"Software","software","Spa Software","spa-software","Spa Software","spa-software","Spa Software","spa-software","/collections/spa-software","software","/pages/software","True"
"Software","software","Space Management Software","space-management-software","Space Management Software","space-management-software","Space Management Software","space-management-software","/collections/space-management-software","software","/pages/software","True"
"Software","software","Speech Analytics Software","speech-analytics-software","Speech Analytics Software","speech-analytics-software","Speech Analytics Software","speech-analytics-software","/collections/speech-analytics-software","software","/pages/software","True"
"Software","software","Speech Recognition Software","speech-recognition-software","Speech Recognition Software","speech-recognition-software","Speech Recognition Software","speech-recognition-software","/collections/speech-recognition-software","software","/pages/software","True"
"Software","software","Speech Therapy Software","speech-therapy-software","Speech Therapy Software","speech-therapy-software","Speech Therapy Software","speech-therapy-software","/collections/speech-therapy-software","software","/pages/software","True"
"Software","software","Spend Management Software","spend-management-software","Spend Management Software","spend-management-software","Spend Management Software","spend-management-software","/collections/spend-management-software","software","/pages/software","True"
"Software","software","Sports League Software","sports-league-software","Sports League Software","sports-league-software","Sports League Software","sports-league-software","/collections/sports-league-software","software","/pages/software","True"
"Software","software","Spreadsheet Software","spreadsheet-software","Spreadsheet Software","spreadsheet-software","Spreadsheet Software","spreadsheet-software","/collections/spreadsheet-software","software","/pages/software","True"
"Software","software","Staffing Agency Software","staffing-agency-software","Staffing Agency Software","staffing-agency-software","Staffing Agency Software","staffing-agency-software","/collections/staffing-agency-software","software","/pages/software","True"
"Software","software","Static Application Security Testing (SAST) Software","static-application-security-testing-sast-software","Static Application Security Testing (SAST) Software","static-application-security-testing-sast-software","Static Application Security Testing (SAST) Software","static-application-security-testing-sast-software","/collections/static-application-security-testing-sast-software","software","/pages/software","True"
"Software","software","Statistical Analysis Software","statistical-analysis-software","Statistical Analysis Software","statistical-analysis-software","Statistical Analysis Software","statistical-analysis-software","/collections/statistical-analysis-software","software","/pages/software","True"
"Software","software","Statistical Process Control (SPC) Software","statistical-process-control-spc-software","Statistical Process Control (SPC) Software","statistical-process-control-spc-software","Statistical Process Control (SPC) Software","statistical-process-control-spc-software","/collections/statistical-process-control-spc-software","software","/pages/software","True"
"Software","software","Stock Portfolio Management Software","stock-portfolio-management-software","Stock Portfolio Management Software","stock-portfolio-management-software","Stock Portfolio Management Software","stock-portfolio-management-software","/collections/stock-portfolio-management-software","software","/pages/software","True"
"Software","software","Store Locator Software","store-locator-software","Store Locator Software","store-locator-software","Store Locator Software","store-locator-software","/collections/store-locator-software","software","/pages/software","True"
"Software","software","Strategic Planning Software","strategic-planning-software","Strategic Planning Software","strategic-planning-software","Strategic Planning Software","strategic-planning-software","/collections/strategic-planning-software","software","/pages/software","True"
"Software","software","Student Engagement Platform","student-engagement-platform","Student Engagement Platform","student-engagement-platform","Student Engagement Platform","student-engagement-platform","/collections/student-engagement-platform","software","/pages/software","True"
"Software","software","Student Information Systems (SIS)","student-information-systems-sis","Student Information Systems (SIS)","student-information-systems-sis","Student Information Systems (SIS)","student-information-systems-sis","/collections/student-information-systems-sis","software","/pages/software","True"
"Software","software","Subcontractor Software","subcontractor-software","Subcontractor Software","subcontractor-software","Subcontractor Software","subcontractor-software","/collections/subcontractor-software","software","/pages/software","True"
"Software","software","Subscription Management Software","subscription-management-software","Subscription Management Software","subscription-management-software","Subscription Management Software","subscription-management-software","/collections/subscription-management-software","software","/pages/software","True"
"Software","software","Substance Abuse EMR Software","substance-abuse-emr-software","Substance Abuse EMR Software","substance-abuse-emr-software","Substance Abuse EMR Software","substance-abuse-emr-software","/collections/substance-abuse-emr-software","software","/pages/software","True"
"Software","software","Succession Planning Software","succession-planning-software","Succession Planning Software","succession-planning-software","Succession Planning Software","succession-planning-software","/collections/succession-planning-software","software","/pages/software","True"
"Software","software","Supply Chain Management Software","supply-chain-management-software","Supply Chain Management Software","supply-chain-management-software","Supply Chain Management Software","supply-chain-management-software","/collections/supply-chain-management-software","software","/pages/software","True"
"Software","software","Survey Tools","survey-tools","Survey Tools","survey-tools","Survey Tools","survey-tools","/collections/survey-tools","software","/pages/software","True"
"Software","software","Sustainability Software","sustainability-software","Sustainability Software","sustainability-software","Sustainability Software","sustainability-software","/collections/sustainability-software","software","/pages/software","True"
"Software","software","Swim School Software","swim-school-software","Swim School Software","swim-school-software","Swim School Software","swim-school-software","/collections/swim-school-software","software","/pages/software","True"
"Software","software","Takeoff Software","takeoff-software","Takeoff Software","takeoff-software","Takeoff Software","takeoff-software","/collections/takeoff-software","software","/pages/software","True"
"Software","software","Talent Management System","talent-management-system","Talent Management System","talent-management-system","Talent Management System","talent-management-system","/collections/talent-management-system","software","/pages/software","True"
"Software","software","Task Management Software","task-management-software","Task Management Software","task-management-software","Task Management Software","task-management-software","/collections/task-management-software","software","/pages/software","True"
"Software","software","Tattoo Studio Software","tattoo-studio-software","Tattoo Studio Software","tattoo-studio-software","Tattoo Studio Software","tattoo-studio-software","/collections/tattoo-studio-software","software","/pages/software","True"
"Software","software","Tax Practice Management Software","tax-practice-management-software","Tax Practice Management Software","tax-practice-management-software","Tax Practice Management Software","tax-practice-management-software","/collections/tax-practice-management-software","software","/pages/software","True"
"Software","software","Tax Preparation Software","tax-preparation-software","Tax Preparation Software","tax-preparation-software","Tax Preparation Software","tax-preparation-software","/collections/tax-preparation-software","software","/pages/software","True"
"Software","software","Team Communication Software","team-communication-software","Team Communication Software","team-communication-software","Team Communication Software","team-communication-software","/collections/team-communication-software","software","/pages/software","True"
"Software","software","Team Management Software","team-management-software","Team Management Software","team-management-software","Team Management Software","team-management-software","/collections/team-management-software","software","/pages/software","True"
"Software","software","Telecom Expense Management Software","telecom-expense-management-software","Telecom Expense Management Software","telecom-expense-management-software","Telecom Expense Management Software","telecom-expense-management-software","/collections/telecom-expense-management-software","software","/pages/software","True"
"Software","software","Telemarketing Software","telemarketing-software","Telemarketing Software","telemarketing-software","Telemarketing Software","telemarketing-software","/collections/telemarketing-software","software","/pages/software","True"
"Software","software","Telemedicine Software","telemedicine-software","Telemedicine Software","telemedicine-software","Telemedicine Software","telemedicine-software","/collections/telemedicine-software","software","/pages/software","True"
"Software","software","Telephony Software","telephony-software","Telephony Software","telephony-software","Telephony Software","telephony-software","/collections/telephony-software","software","/pages/software","True"
"Software","software","Test Management Tools","test-management-tools","Test Management Tools","test-management-tools","Test Management Tools","test-management-tools","/collections/test-management-tools","software","/pages/software","True"
"Software","software","Text Mining Software","text-mining-software","Text Mining Software","text-mining-software","Text Mining Software","text-mining-software","/collections/text-mining-software","software","/pages/software","True"
"Software","software","Text-to-Image Tools","text-to-image-tools","Text-to-Image Tools","text-to-image-tools","Text-to-Image Tools","text-to-image-tools","/collections/text-to-image-tools","software","/pages/software","True"
"Software","software","Text-To-Speech Software","text-to-speech-software","Text-To-Speech Software","text-to-speech-software","Text-To-Speech Software","text-to-speech-software","/collections/text-to-speech-software","software","/pages/software","True"
"Software","software","Therapy Notes Software","therapy-notes-software","Therapy Notes Software","therapy-notes-software","Therapy Notes Software","therapy-notes-software","/collections/therapy-notes-software","software","/pages/software","True"
"Software","software","Therapy Software","therapy-software","Therapy Software","therapy-software","Therapy Software","therapy-software","/collections/therapy-software","software","/pages/software","True"
"Software","software","Third Party Logistics (3PL) Software","third-party-logistics-3pl-software","Third Party Logistics (3PL) Software","third-party-logistics-3pl-software","Third Party Logistics (3PL) Software","third-party-logistics-3pl-software","/collections/third-party-logistics-3pl-software","software","/pages/software","True"
"Software","software","Threat Intelligence Software","threat-intelligence-software","Threat Intelligence Software","threat-intelligence-software","Threat Intelligence Software","threat-intelligence-software","/collections/threat-intelligence-software","software","/pages/software","True"
"Software","software","Ticketing Tools","ticketing-tools","Ticketing Tools","ticketing-tools","Ticketing Tools","ticketing-tools","/collections/ticketing-tools","software","/pages/software","True"
"Software","software","Time and Expense Software","time-and-expense-software","Time and Expense Software","time-and-expense-software","Time and Expense Software","time-and-expense-software","/collections/time-and-expense-software","software","/pages/software","True"
"Software","software","Time Clock Software","time-clock-software","Time Clock Software","time-clock-software","Time Clock Software","time-clock-software","/collections/time-clock-software","software","/pages/software","True"
"Software","software","Time Tracking Software","time-tracking-software","Time Tracking Software","time-tracking-software","Time Tracking Software","time-tracking-software","/collections/time-tracking-software","software","/pages/software","True"
"Software","software","Timeshare Software","timeshare-software","Timeshare Software","timeshare-software","Timeshare Software","timeshare-software","/collections/timeshare-software","software","/pages/software","True"
"Software","software","Tool Management Software","tool-management-software","Tool Management Software","tool-management-software","Tool Management Software","tool-management-software","/collections/tool-management-software","software","/pages/software","True"
"Software","software","Tour Operator Software","tour-operator-software","Tour Operator Software","tour-operator-software","Tour Operator Software","tour-operator-software","/collections/tour-operator-software","software","/pages/software","True"
"Software","software","Towing Software","towing-software","Towing Software","towing-software","Towing Software","towing-software","/collections/towing-software","software","/pages/software","True"
"Software","software","Trade Promotion Management Software","trade-promotion-management-software","Trade Promotion Management Software","trade-promotion-management-software","Trade Promotion Management Software","trade-promotion-management-software","/collections/trade-promotion-management-software","software","/pages/software","True"
"Software","software","Training Software","training-software","Training Software","training-software","Training Software","training-software","/collections/training-software","software","/pages/software","True"
"Software","software","Transactional Email Software","transactional-email-software","Transactional Email Software","transactional-email-software","Transactional Email Software","transactional-email-software","/collections/transactional-email-software","software","/pages/software","True"
"Software","software","Transcription Software","transcription-software","Transcription Software","transcription-software","Transcription Software","transcription-software","/collections/transcription-software","software","/pages/software","True"
"Software","software","Translation Management Software","translation-management-software","Translation Management Software","translation-management-software","Translation Management Software","translation-management-software","/collections/translation-management-software","software","/pages/software","True"
"Software","software","Transportation Dispatch Software","transportation-dispatch-software","Transportation Dispatch Software","transportation-dispatch-software","Transportation Dispatch Software","transportation-dispatch-software","/collections/transportation-dispatch-software","software","/pages/software","True"
"Software","software","Transportation Management Software","transportation-management-software","Transportation Management Software","transportation-management-software","Transportation Management Software","transportation-management-software","/collections/transportation-management-software","software","/pages/software","True"
"Software","software","Travel Agency Software","travel-agency-software","Travel Agency Software","travel-agency-software","Travel Agency Software","travel-agency-software","/collections/travel-agency-software","software","/pages/software","True"
"Software","software","Travel Management Software","travel-management-software","Travel Management Software","travel-management-software","Travel Management Software","travel-management-software","/collections/travel-management-software","software","/pages/software","True"
"Software","software","Treasury Software","treasury-software","Treasury Software","treasury-software","Treasury Software","treasury-software","/collections/treasury-software","software","/pages/software","True"
"Software","software","Trucking Accounting Software","trucking-accounting-software","Trucking Accounting Software","trucking-accounting-software","Trucking Accounting Software","trucking-accounting-software","/collections/trucking-accounting-software","software","/pages/software","True"
"Software","software","Trucking Software","trucking-software","Trucking Software","trucking-software","Trucking Software","trucking-software","/collections/trucking-software","software","/pages/software","True"
"Software","software","Trust Accounting Software","trust-accounting-software","Trust Accounting Software","trust-accounting-software","Trust Accounting Software","trust-accounting-software","/collections/trust-accounting-software","software","/pages/software","True"
"Software","software","Tutoring Software","tutoring-software","Tutoring Software","tutoring-software","Tutoring Software","tutoring-software","/collections/tutoring-software","software","/pages/software","True"
"Software","software","Unified Communications Software","unified-communications-software","Unified Communications Software","unified-communications-software","Unified Communications Software","unified-communications-software","/collections/unified-communications-software","software","/pages/software","True"
"Software","software","Unified Endpoint Management (UEM) Software","unified-endpoint-management-uem-software","Unified Endpoint Management (UEM) Software","unified-endpoint-management-uem-software","Unified Endpoint Management (UEM) Software","unified-endpoint-management-uem-software","/collections/unified-endpoint-management-uem-software","software","/pages/software","True"
"Software","software","Urgent Care EMR Software","urgent-care-emr-software","Urgent Care EMR Software","urgent-care-emr-software","Urgent Care EMR Software","urgent-care-emr-software","/collections/urgent-care-emr-software","software","/pages/software","True"
"Software","software","URL Shortener Software","url-shortener-software","URL Shortener Software","url-shortener-software","URL Shortener Software","url-shortener-software","/collections/url-shortener-software","software","/pages/software","True"
"Software","software","Urology EMR Software","urology-emr-software","Urology EMR Software","urology-emr-software","Urology EMR Software","urology-emr-software","/collections/urology-emr-software","software","/pages/software","True"
"Software","software","User Testing Software","user-testing-software","User Testing Software","user-testing-software","User Testing Software","user-testing-software","/collections/user-testing-software","software","/pages/software","True"
"Software","software","Utility Billing Software","utility-billing-software","Utility Billing Software","utility-billing-software","Utility Billing Software","utility-billing-software","/collections/utility-billing-software","software","/pages/software","True"
"Software","software","Utility Management Systems Software","utility-management-systems-software","Utility Management Systems Software","utility-management-systems-software","Utility Management Systems Software","utility-management-systems-software","/collections/utility-management-systems-software","software","/pages/software","True"
"Software","software","UX Software","ux-software","UX Software","ux-software","UX Software","ux-software","/collections/ux-software","software","/pages/software","True"
"Software","software","Vacation Rental Software","vacation-rental-software","Vacation Rental Software","vacation-rental-software","Vacation Rental Software","vacation-rental-software","/collections/vacation-rental-software","software","/pages/software","True"
"Software","software","Vaccine Management Software","vaccine-management-software","Vaccine Management Software","vaccine-management-software","Vaccine Management Software","vaccine-management-software","/collections/vaccine-management-software","software","/pages/software","True"
"Software","software","Vector Graphics Software","vector-graphics-software","Vector Graphics Software","vector-graphics-software","Vector Graphics Software","vector-graphics-software","/collections/vector-graphics-software","software","/pages/software","True"
"Software","software","Vendor Management Software","vendor-management-software","Vendor Management Software","vendor-management-software","Vendor Management Software","vendor-management-software","/collections/vendor-management-software","software","/pages/software","True"
"Software","software","Venue Management Software","venue-management-software","Venue Management Software","venue-management-software","Venue Management Software","venue-management-software","/collections/venue-management-software","software","/pages/software","True"
"Software","software","Veterinary Software","veterinary-software","Veterinary Software","veterinary-software","Veterinary Software","veterinary-software","/collections/veterinary-software","software","/pages/software","True"
"Software","software","Video Conferencing Software","video-conferencing-software","Video Conferencing Software","video-conferencing-software","Video Conferencing Software","video-conferencing-software","/collections/video-conferencing-software","software","/pages/software","True"
"Software","software","Video Editing Software","video-editing-software","Video Editing Software","video-editing-software","Video Editing Software","video-editing-software","/collections/video-editing-software","software","/pages/software","True"
"Software","software","Video Hosting Software","video-hosting-software","Video Hosting Software","video-hosting-software","Video Hosting Software","video-hosting-software","/collections/video-hosting-software","software","/pages/software","True"
"Software","software","Video Interview Software","video-interview-software","Video Interview Software","video-interview-software","Video Interview Software","video-interview-software","/collections/video-interview-software","software","/pages/software","True"
"Software","software","Video Making Software","video-making-software","Video Making Software","video-making-software","Video Making Software","video-making-software","/collections/video-making-software","software","/pages/software","True"
"Software","software","Video Management Software","video-management-software","Video Management Software","video-management-software","Video Management Software","video-management-software","/collections/video-management-software","software","/pages/software","True"
"Software","software","Video Marketing Software","video-marketing-software","Video Marketing Software","video-marketing-software","Video Marketing Software","video-marketing-software","/collections/video-marketing-software","software","/pages/software","True"
"Software","software","Video Surveillance Platform","video-surveillance-platform","Video Surveillance Platform","video-surveillance-platform","Video Surveillance Platform","video-surveillance-platform","/collections/video-surveillance-platform","software","/pages/software","True"
"Software","software","Virtual Assistant Software","virtual-assistant-software","Virtual Assistant Software","virtual-assistant-software","Virtual Assistant Software","virtual-assistant-software","/collections/virtual-assistant-software","software","/pages/software","True"
"Software","software","Virtual Classroom Software","virtual-classroom-software","Virtual Classroom Software","virtual-classroom-software","Virtual Classroom Software","virtual-classroom-software","/collections/virtual-classroom-software","software","/pages/software","True"
"Software","software","Virtual Data Room Software","virtual-data-room-software","Virtual Data Room Software","virtual-data-room-software","Virtual Data Room Software","virtual-data-room-software","/collections/virtual-data-room-software","software","/pages/software","True"
"Software","software","Virtual Desktop Infrastructure (VDI) Software","virtual-desktop-infrastructure-vdi-software","Virtual Desktop Infrastructure (VDI) Software","virtual-desktop-infrastructure-vdi-software","Virtual Desktop Infrastructure (VDI) Software","virtual-desktop-infrastructure-vdi-software","/collections/virtual-desktop-infrastructure-vdi-software","software","/pages/software","True"
"Software","software","Virtual Event Software","virtual-event-software","Virtual Event Software","virtual-event-software","Virtual Event Software","virtual-event-software","/collections/virtual-event-software","software","/pages/software","True"
"Software","software","Virtual Machine Software","virtual-machine-software","Virtual Machine Software","virtual-machine-software","Virtual Machine Software","virtual-machine-software","/collections/virtual-machine-software","software","/pages/software","True"
"Software","software","Virtual Private Server Software","virtual-private-server-software","Virtual Private Server Software","virtual-private-server-software","Virtual Private Server Software","virtual-private-server-software","/collections/virtual-private-server-software","software","/pages/software","True"
"Software","software","Virtual Reality (VR) Software","virtual-reality-vr-software","Virtual Reality (VR) Software","virtual-reality-vr-software","Virtual Reality (VR) Software","virtual-reality-vr-software","/collections/virtual-reality-vr-software","software","/pages/software","True"
"Software","software","Virtual Tour Software","virtual-tour-software","Virtual Tour Software","virtual-tour-software","Virtual Tour Software","virtual-tour-software","/collections/virtual-tour-software","software","/pages/software","True"
"Software","software","Virtualization Software","virtualization-software","Virtualization Software","virtualization-software","Virtualization Software","virtualization-software","/collections/virtualization-software","software","/pages/software","True"
"Software","software","Visitor Management Systems","visitor-management-systems","Visitor Management Systems","visitor-management-systems","Visitor Management Systems","visitor-management-systems","/collections/visitor-management-systems","software","/pages/software","True"
"Software","software","Visual Search Software","visual-search-software","Visual Search Software","visual-search-software","Visual Search Software","visual-search-software","/collections/visual-search-software","software","/pages/software","True"
"Software","software","VoIP Software","voip-software","VoIP Software","voip-software","VoIP Software","voip-software","/collections/voip-software","software","/pages/software","True"
"Software","software","Volunteer Management Software","volunteer-management-software","Volunteer Management Software","volunteer-management-software","Volunteer Management Software","volunteer-management-software","/collections/volunteer-management-software","software","/pages/software","True"
"Software","software","Voting Software","voting-software","Voting Software","voting-software","Voting Software","voting-software","/collections/voting-software","software","/pages/software","True"
"Software","software","VPN Software","vpn-software","VPN Software","vpn-software","VPN Software","vpn-software","/collections/vpn-software","software","/pages/software","True"
"Software","software","Vulnerability Management Software","vulnerability-management-software","Vulnerability Management Software","vulnerability-management-software","Vulnerability Management Software","vulnerability-management-software","/collections/vulnerability-management-software","software","/pages/software","True"
"Software","software","Vulnerability Scanner Software","vulnerability-scanner-software","Vulnerability Scanner Software","vulnerability-scanner-software","Vulnerability Scanner Software","vulnerability-scanner-software","/collections/vulnerability-scanner-software","software","/pages/software","True"
"Software","software","Waitlist Software","waitlist-software","Waitlist Software","waitlist-software","Waitlist Software","waitlist-software","/collections/waitlist-software","software","/pages/software","True"
"Software","software","Waiver Software","waiver-software","Waiver Software","waiver-software","Waiver Software","waiver-software","/collections/waiver-software","software","/pages/software","True"
"Software","software","Warehouse Management System","warehouse-management-system","Warehouse Management System","warehouse-management-system","Warehouse Management System","warehouse-management-system","/collections/warehouse-management-system","software","/pages/software","True"
"Software","software","Warranty Management Software","warranty-management-software","Warranty Management Software","warranty-management-software","Warranty Management Software","warranty-management-software","/collections/warranty-management-software","software","/pages/software","True"
"Software","software","Waste Management Software","waste-management-software","Waste Management Software","waste-management-software","Waste Management Software","waste-management-software","/collections/waste-management-software","software","/pages/software","True"
"Software","software","Web Analytics Software","web-analytics-software","Web Analytics Software","web-analytics-software","Web Analytics Software","web-analytics-software","/collections/web-analytics-software","software","/pages/software","True"
"Software","software","Web Conferencing Software","web-conferencing-software","Web Conferencing Software","web-conferencing-software","Web Conferencing Software","web-conferencing-software","/collections/web-conferencing-software","software","/pages/software","True"
"Software","software","Web Content Management Software","web-content-management-software","Web Content Management Software","web-content-management-software","Web Content Management Software","web-content-management-software","/collections/web-content-management-software","software","/pages/software","True"
"Software","software","Web Scraping","web-scraping","Web Scraping","web-scraping","Web Scraping","web-scraping","/collections/web-scraping","software","/pages/software","True"
"Software","software","Web to Print Software","web-to-print-software","Web to Print Software","web-to-print-software","Web to Print Software","web-to-print-software","/collections/web-to-print-software","software","/pages/software","True"
"Software","software","Webinar Software","webinar-software","Webinar Software","webinar-software","Webinar Software","webinar-software","/collections/webinar-software","software","/pages/software","True"
"Software","software","Website Accessibility Software","website-accessibility-software","Website Accessibility Software","website-accessibility-software","Website Accessibility Software","website-accessibility-software","/collections/website-accessibility-software","software","/pages/software","True"
"Software","software","Website Builder Software","website-builder-software","Website Builder Software","website-builder-software","Website Builder Software","website-builder-software","/collections/website-builder-software","software","/pages/software","True"
"Software","software","Website Monitoring Software","website-monitoring-software","Website Monitoring Software","website-monitoring-software","Website Monitoring Software","website-monitoring-software","/collections/website-monitoring-software","software","/pages/software","True"
"Software","software","Website Optimization Tools","website-optimization-tools","Website Optimization Tools","website-optimization-tools","Website Optimization Tools","website-optimization-tools","/collections/website-optimization-tools","software","/pages/software","True"
"Software","software","Website Security Software","website-security-software","Website Security Software","website-security-software","Website Security Software","website-security-software","/collections/website-security-software","software","/pages/software","True"
"Software","software","Whistleblowing Software","whistleblowing-software","Whistleblowing Software","whistleblowing-software","Whistleblowing Software","whistleblowing-software","/collections/whistleblowing-software","software","/pages/software","True"
"Software","software","Whiteboard Software","whiteboard-software","Whiteboard Software","whiteboard-software","Whiteboard Software","whiteboard-software","/collections/whiteboard-software","software","/pages/software","True"
"Software","software","Winery Software","winery-software","Winery Software","winery-software","Winery Software","winery-software","/collections/winery-software","software","/pages/software","True"
"Software","software","Wireframe Software","wireframe-software","Wireframe Software","wireframe-software","Wireframe Software","wireframe-software","/collections/wireframe-software","software","/pages/software","True"
"Software","software","Wireless Expense Management Software","wireless-expense-management-software","Wireless Expense Management Software","wireless-expense-management-software","Wireless Expense Management Software","wireless-expense-management-software","/collections/wireless-expense-management-software","software","/pages/software","True"
"Software","software","Work Order Software","work-order-software","Work Order Software","work-order-software","Work Order Software","work-order-software","/collections/work-order-software","software","/pages/software","True"
"Software","software","Workflow Management System","workflow-management-system","Workflow Management System","workflow-management-system","Workflow Management System","workflow-management-system","/collections/workflow-management-system","software","/pages/software","True"
"Software","software","Workforce Management Software","workforce-management-software","Workforce Management Software","workforce-management-software","Workforce Management Software","workforce-management-software","/collections/workforce-management-software","software","/pages/software","True"
"Software","software","Worship Software","worship-software","Worship Software","worship-software","Worship Software","worship-software","/collections/worship-software","software","/pages/software","True"
"Software","software","XDR Platforms (Extended Detection & Response)","xdr-platforms-extended-detection--response","XDR Platforms (Extended Detection & Response)","xdr-platforms-extended-detection--response","XDR Platforms (Extended Detection & Response)","xdr-platforms-extended-detection--response","/collections/xdr-platforms-extended-detection--response","software","/pages/software","True"
"Software","software","Yard Management Software","yard-management-software","Yard Management Software","yard-management-software","Yard Management Software","yard-management-software","/collections/yard-management-software","software","/pages/software","True"
"Software","software","Yoga Studio Software","yoga-studio-software","Yoga Studio Software","yoga-studio-software","Yoga Studio Software","yoga-studio-software","/collections/yoga-studio-software","software","/pages/software","True"
"Software","software","Zoo Software","zoo-software","Zoo Software","zoo-software","Zoo Software","zoo-software","/collections/zoo-software","software","/pages/software","True"
